"порядком демонид, проведем выяснил, дай",4.69,1.29,-3.32,-5,FAIL
"могла почувствовала, говорить, должно образ",5.52,1.59,-2.67,-5,FAIL
"того, недоброжелательно заполнить измерение",6.34,1.29,-1.88,1,FAIL
убивая ошибки мертв,7.79,0.86,-1.29,-4,FAIL
предложение отставай.,5.9,0.77,-0.88,-3,FAIL
"получить. другими. прошлом. исполнение, воплощение понимая,",7.1,1.02,-3.48,-4,FAIL
"железные вслух, мощный открывает",7.42,0.94,-2.0,-5,FAIL
милой. слабой рассчете слабой откуда порядковую плечами.,5.55,1.86,-4.08,-5,FAIL
"какой-то ожидал помнил тренировку, вздохом. завтра",5.27,1.4,-3.82,-4,FAIL
честность воздвигла прости. время совпадает замечательная говорит,5.65,2.7,-3.19,-5,FAIL
курил,8.03,0.25,-0.46,4,SUCCESS
ошибках тяжелым интереса. хочется,4.78,0.64,-3.02,-5,FAIL
завел изменил вместо место.,6.44,0.79,-2.36,-3,FAIL
"встретила фиолетовый скрыт,",7.65,0.98,-1.19,-3,FAIL
коме особое имеешь,6.73,1.06,-1.26,-3,FAIL
"дырки собираешься а? раньше? нахмурилась. помню,",6.37,1.83,-2.93,1,FAIL
смещение настоящей совершать ворота значение времени. спросить,3.96,0.52,-5.4,-5,FAIL
"нарушил обладать достаточно сильнее. тогда, разными",6.67,1.23,-3.42,-5,FAIL
"позволяют коме, осваивать ли,",3.6,1.35,-2.86,-5,FAIL
"круто! чистилище, открытой, думаете ж,",6.36,1.0,-2.97,1,FAIL
"измерение тошнит продал 1789 удивительно, меня?",6.37,1.28,-3.48,-5,FAIL
"глубоко улицы пор, аура.",6.41,1.48,-1.68,-4,FAIL
территория ты. интересно. ниа встали пламя.,6.14,1.19,-3.66,-4,FAIL
хотя нет спас несколькими кого вас глубоко,3.84,2.98,-4.16,-5,FAIL
да. парень,7.84,0.76,-0.66,2,SUCCESS
прошло прежнему точкой скажешь смущенная,4.56,1.31,-3.37,-5,FAIL
марка до,8.53,0.42,-0.95,-1,FAIL
смеешься повысит,7.37,0.77,-0.7,-3,FAIL
мир. вечность образ глаза двигаться персонажей ния?,6.25,2.36,-3.24,-1,FAIL
тускло а полезными,6.84,0.73,-1.57,-4,FAIL
"то, случаи",6.44,0.29,-1.28,-5,FAIL
простому,6.84,0.34,-0.42,4,SUCCESS
"редактором колоссальных выбрал сердца? вздохнул представить,",4.51,2.14,-3.51,-4,FAIL
колени. странная,8.33,0.45,-0.94,-1,FAIL
"вообще-то, ноги, подпрыгивая ноя. изменил безжалостно открылась",5.41,1.68,-4.34,-5,FAIL
"подобные пламя нас. вернусь, удивляться. них прекрати",2.26,3.42,-5.89,-5,FAIL
девушку. определенно остановились. раньше раскололась,5.53,1.46,-2.79,-5,FAIL
"гестия растерянностью карнизу, увеличились, правильно, ноя открой",6.42,1.41,-4.11,-5,FAIL
обладает,7.48,0.44,-0.29,1,FAIL
"легкой меня? добрались учишься. казалось,",7.32,0.91,-2.79,-5,FAIL
"права, сил стена, мою бессмертие спрашиваете неудачу",5.44,1.81,-4.2,-5,FAIL
закинул,6.8,0.31,-0.46,4,SUCCESS
людям,8.85,0.17,-0.5,5,SUCCESS
"месте, дней. конфликтом. спала. улыбнулась вами",6.15,1.76,-3.08,1,FAIL
"контроль по-другому, впал охвачена каких-либо воспринимаю",6.93,1.87,-2.69,-3,FAIL
"встречаются энергию, повторите услышать рассеивается",3.98,0.74,-4.27,-5,FAIL
рунический серьезным. вы подписывали,6.56,0.88,-2.24,-3,FAIL
"указаны крик жизнь категории поглощая проснулся. впорядке,",6.4,2.19,-3.34,-1,FAIL
выйду оказалась помножка где ведь ворота,7.0,1.0,-3.54,-4,FAIL
"меня. пошел что легко, помочь итоге просто.",5.87,1.38,-4.4,-4,FAIL
"сделали, приму заполнить",7.45,0.84,-1.36,-4,FAIL
"года дома вы парься долго, высокомерной, стали",6.33,2.04,-3.52,-1,FAIL
поладили крайней того,7.72,0.4,-1.76,-3,FAIL
успев стульчике мысли,6.71,0.54,-1.78,-4,FAIL
"надзирателя воспоминаний, подходит,",7.86,0.83,-1.31,-4,FAIL
дубликаты обманывают,1.65,0.52,-2.59,3,SUCCESS
"хаосе вступительном таятся предметы,",7.15,0.79,-2.2,-3,FAIL
рассмеялись думаешь...,8.55,0.31,-1.06,-1,FAIL
"потому бездне, войдя ничуть классную ушла.",0.7,4.97,-9.37,-5,FAIL
"гестия продал тысяча видит, одиноко мб",6.89,1.47,-3.1,-4,FAIL
"учесть удалось ерунды, одним белой вышли травмы,",6.4,1.4,-4.13,-5,FAIL
"прав, какой-то тысяч баррьер? замуж, страшное знает",5.74,2.27,-3.57,-5,FAIL
"вплоть отчаянии. заключить бывало, силен осях оценочная",6.34,1.42,-4.14,-5,FAIL
"страх, объясняет! той, голове близость, ситуация устроили?",5.2,1.22,-4.92,-5,FAIL
"демонид, причин, личностью! нет? это.",6.04,1.23,-2.84,-5,FAIL
похлопала,9.06,-0.13,-0.8,1,FAIL
главный нашли дубликаты,6.14,1.1,-1.32,-4,FAIL
"аура идеала ха,",7.08,0.76,-1.5,-3,FAIL
"ноя, угрожает. схожи, свои зажигалку",5.63,0.83,-3.39,-5,FAIL
"изменил умер кол-во плакать, часто достиг",5.93,0.16,-4.77,-5,FAIL
"заморачивайся дотронулась уверен? пришел, муки. давай, длиться",6.18,2.37,-3.26,-1,FAIL
дальше? вы дрогнул.,7.68,0.72,-1.44,-2,FAIL
"жизнь, пор, ночь",7.87,1.07,-1.07,2,SUCCESS
длинные истребляла существами. выжил всего охвачена,7.16,0.31,-4.17,-5,FAIL
мало,5.96,0.08,-0.74,5,SUCCESS
мире пробормотал превосходят,6.69,1.27,-1.05,3,SUCCESS
получится,6.84,0.08,-0.69,5,SUCCESS
"гарда перед удивлен, место. поражения",7.35,1.29,-2.4,-5,FAIL
найти чрезвычайно,7.15,0.75,-0.75,-3,FAIL
решением дети,7.35,0.46,-1.01,4,SUCCESS
делаешь,7.95,0.35,-0.35,1,FAIL
меня. более вторым,7.35,0.11,-2.1,-5,FAIL
"талантлив, самого",8.08,0.61,-0.8,4,SUCCESS
"рода, поярдок убил,",7.78,0.81,-1.34,-4,FAIL
"исключение, говном ранят мной? небоскребе?",6.79,1.0,-2.84,-3,FAIL
"но... если,",8.56,0.62,-0.75,3,SUCCESS
свое этот горит события.,5.98,1.36,-1.91,-5,FAIL
прижала,8.22,0.24,-0.45,4,SUCCESS
таких ранения второе почти колоссальных,7.19,1.54,-2.19,-3,FAIL
"чтобы девушкой, осталось поворачиваете заебца ирэн.",4.26,2.19,-3.62,-4,FAIL
компоненту руке. мой смущаешься. валяй увидел леса,3.4,3.44,-4.15,-5,FAIL
воля,9.03,0.12,-0.55,5,SUCCESS
закалиться когтей,7.93,-0.42,-1.84,-4,FAIL
но? особое могли турник,7.94,0.78,-2.06,-5,FAIL
своей,7.28,0.37,-0.37,1,FAIL
"именно юной. порядке начал тренировку, лучшая. ностальгии",1.36,3.22,-8.78,-5,FAIL
"ладно она, превращение наблюдая подписать случившейся",5.08,2.56,-2.77,-5,FAIL
колоссальных,8.14,0.32,-0.39,4,SUCCESS
улицы хачу прикоснувшись,6.59,0.66,-1.68,-4,FAIL
помнил проснулся. продаюсь,6.34,0.77,-1.61,-4,FAIL
"встретимся личный просьба, ха, произошло",6.49,1.38,-2.55,-3,FAIL
"руках. дышать, была как? потому плавающих зовут",6.74,1.42,-3.98,-5,FAIL
"рада, хихикать.",7.99,0.5,-0.92,4,SUCCESS
давай! ухода. улыбнулась руины недостаточно,5.1,1.27,-3.16,-5,FAIL
гестии инструктаж взяв,8.17,0.67,-1.43,-5,FAIL
нибудь прекрати гемороиться траблы случиться расскажу серьезно,3.51,1.12,-6.35,-5,FAIL
"особенность двумя существ, небоскреб, юбку выглядит",6.57,1.56,-3.12,-4,FAIL
ударить координаты объяснишься? оффнута материализовали это. ухмылкой.,5.98,0.83,-4.89,-5,FAIL
убежим.,8.15,0.11,-0.6,5,SUCCESS
находясь самый,8.67,0.61,-0.75,3,SUCCESS
"красивая, терпела объяснила вырубил следующую войти",4.57,2.73,-2.88,-5,FAIL
большой но полный,5.84,0.74,-1.74,-4,FAIL
ждать,8.58,0.34,-0.34,1,FAIL
руины ебал нас,7.89,-1.46,-1.62,-4,FAIL
"ярче сигарет плакали демонида, пошли создал ситуации.",5.24,2.64,-3.48,-5,FAIL
"говорится мрачной. начала, уф, действительно медленно",3.87,2.01,-4.09,-4,FAIL
"себя мерзости, жгучее продав",5.82,0.68,-2.63,-5,FAIL
тонкими капитала серьезная,8.18,0.64,-1.46,-5,FAIL
"оттолкнуто покинуть кармана, мб",7.04,0.88,-2.14,-3,FAIL
"идиотина давно меч. питается выяснилось, вашей пар.",4.39,2.24,-4.44,-5,FAIL
вымерли. ноя до темной,7.51,1.14,-1.78,-3,FAIL
показывая отпущу шока. капитал.,7.66,1.13,-1.76,-4,FAIL
мной! важное хочется жизни,6.52,1.05,-2.09,-3,FAIL
"всем энергия, бежать! ниа. хотели",5.41,1.96,-2.34,-5,FAIL
"отправиться четким, насколько марку улицы изменения",6.77,1.26,-3.36,-5,FAIL
"продолжающимся редкий времени, себе",7.71,0.48,-2.4,-5,FAIL
"разрывает девушку, кровати вред",6.24,0.78,-2.43,1,FAIL
"компоненту определенно стульчике решена мило, заключение",3.93,1.72,-4.34,-5,FAIL
"свое лет, небоскреб. черным",5.84,0.94,-2.38,-5,FAIL
кажутся относилась,5.69,0.73,-0.95,-3,FAIL
комнате решила задумалась,6.71,0.48,-1.84,-3,FAIL
считать правы. резервные,7.77,1.05,-1.1,-3,FAIL
детским помощь затем,8.2,0.17,-1.93,-5,FAIL
лезвия,9.06,0.17,-0.5,5,SUCCESS
"делаешь? равны наверное, чистилищем. той,",5.18,1.93,-2.46,-5,FAIL
"академию, ворот",8.09,0.52,-0.89,4,SUCCESS
"хуярило лет, действуют",3.17,1.09,-2.28,3,SUCCESS
имени делая,7.41,0.86,-0.61,-3,FAIL
наложили изменил,8.06,0.27,-1.13,-5,FAIL
"написал меняется, катастрофа? никогда хочу, левитировать",2.11,2.83,-5.43,-5,FAIL
подожди! имена ворота,7.95,0.09,-2.04,-5,FAIL
"после материал, тянущейся увидев ох. направить способности,",5.14,1.24,-4.93,-5,FAIL
войсками лифте вновь встречу рассчете,7.02,1.17,-2.6,-3,FAIL
серьезная. содержащее,7.75,0.65,-0.79,-3,FAIL
"объятиях, ностальгии оффнута удивленная. мастер ной!",6.86,0.29,-4.3,-5,FAIL
"уже курить, влиянием богам представление, бок графы",3.39,2.26,-5.34,-5,FAIL
"разрушенный оказалось, пока считаете эй, тебя. грудь",6.91,2.15,-3.18,-1,FAIL
жажду собой! плана? идти друзья?,5.98,0.7,-3.39,-5,FAIL
кажется течение вновь знакомым отеле?,6.16,0.75,-3.28,-5,FAIL
анри выглядит кол-во лучшая. похлопала,6.05,0.67,-3.39,-5,FAIL
незнакомую врагов,6.83,0.27,-1.26,-5,FAIL
спрашивает....,6.64,-2.15,-0.78,3,SUCCESS
сопровождать самое он. голубым доносящийся,6.86,0.73,-3.09,-5,FAIL
"мой, примешь шутливо. хоть боя",7.32,1.28,-2.41,-5,FAIL
"нашли квартиру, дверь засмеялась.",7.4,0.97,-1.97,-5,FAIL
были условно,7.29,0.37,-1.11,4,SUCCESS
нашли жалок. лифте,7.75,0.81,-1.34,-4,FAIL
дырки ярче смущенная прикрывая,7.19,0.91,-2.07,-3,FAIL
"жаль, разрушенный задрал также моя эмоций...",6.33,1.24,-3.53,-5,FAIL
"полупрозрачная рту, генерации смотрит",6.75,1.23,-1.85,-3,FAIL
"угрожаете детства. жадное себя, спасение,",5.85,0.99,-3.14,-4,FAIL
"по-другому, трет бесконечному",7.55,1.06,-1.13,-3,FAIL
"незнакомой длинные чистилищу, человек,",7.05,1.07,-1.94,-3,FAIL
"отстранился натянула удачи, осматривая отставай.",6.73,1.36,-2.49,-3,FAIL
"хороший мгновение. спаси перебарщиваешь подсознания, встретила выяснил,",4.14,2.12,-4.76,-5,FAIL
исчезнуть.,8.08,0.25,-0.46,4,SUCCESS
код каньон. присматриваю воскресят.,5.43,1.34,-2.09,-5,FAIL
"асия живо раскололась дней. хватает досадой хочу,",4.54,2.12,-4.45,-5,FAIL
"ж, месяца, главнокомандующего случится, девушке давно",5.71,1.78,-3.24,-5,FAIL
оценками,4.74,0.41,-0.51,4,SUCCESS
сделала,8.73,0.27,-0.41,4,SUCCESS
связалась собираешься случиться помогу небо.,6.81,0.43,-3.41,-5,FAIL
"считать вернутся голосом, направить нужно? мрачно",6.37,1.62,-3.13,-3,FAIL
кого дураком скверное,6.64,1.01,-1.32,-4,FAIL
"покой. попробую карнизу, нонсенс, стойку спросить.",5.47,-0.68,-5.81,-2,FAIL
его... влиянием земля кста чистилищную идеале когтей,4.5,1.98,-4.62,-5,FAIL
"дело. каким слухи. пламени меняется, после",5.4,1.26,-3.91,-4,FAIL
"сделали,",8.09,0.35,-0.35,1,FAIL
было. бесчувственной. слезами дым. дорогим,5.17,2.27,-2.13,-5,FAIL
посреди ной законов мной,6.0,1.16,-2.11,-5,FAIL
10слов такая? которую сигарету,3.94,0.51,-3.52,-5,FAIL
"вокруг инструктаж шокирован потерян, который порядкую воспоминаний,",5.37,2.55,-3.5,-5,FAIL
стала,7.76,0.19,-0.53,5,SUCCESS
"классно вы, одна умереть? пепел, напоминает правда",4.81,2.63,-3.76,-5,FAIL
"найдешь шансов способностей. силе,",6.76,0.38,-2.7,-3,FAIL
"оказаться травмы, случае. шока. классную",6.48,1.45,-2.48,-3,FAIL
досадой,8.33,0.35,-0.35,1,FAIL
"плакали сжатие бизнес, разности он",6.32,1.66,-2.32,1,FAIL
"вздрогнули, повредив добрались позволяет условно ли? мерзость,",6.59,1.64,-3.82,-3,FAIL
"жизнь, марком страшного, бездны, давайте",7.16,1.11,-2.63,-3,FAIL
мной! ния? ноя. покой. забыл волнует хватало,5.41,1.69,-4.33,-5,FAIL
одна,7.93,-0.04,-0.75,1,FAIL
"части бездне, путь",5.76,0.64,-1.86,-5,FAIL
"приказал понять классом разозлить ною,",7.11,0.83,-2.93,-5,FAIL
выглядит бездна взгляды свободно способность,7.22,1.09,-2.63,1,FAIL
темно. зажигалка шутки,6.62,0.21,-2.12,-5,FAIL
мило.,8.77,0.34,-0.34,3,SUCCESS
я...,8.41,0.17,-0.52,5,SUCCESS
"рассчете прикрывая хаосу, позволит называть",7.02,1.77,-2.0,-3,FAIL
нихуя побаловать хорошо катастрофу.,4.68,0.96,-2.74,3,SUCCESS
комплименты какое? трескаться нам,7.19,0.52,-2.46,-3,FAIL
"скалировать лицемер, лежишь,",5.51,1.02,-1.53,-3,FAIL
"взору гарда хуй, попадает такие. лицо, любой",6.63,1.99,-3.44,-1,FAIL
висело отрядов запись,7.17,0.88,-1.36,-4,FAIL
кем отдачу. новые,6.51,1.1,-1.25,3,SUCCESS
итоге оружие?,5.68,0.61,-1.07,-3,FAIL
тобой? могла сильной проблема число чрезвычайно,6.25,1.73,-3.07,1,FAIL
"том замечает, поместила со соглашаешься",5.13,2.03,-2.38,-5,FAIL
дело? ты остаться,8.11,0.72,-1.39,-4,FAIL
разряжены шутливо собираешься учитывая одновременно,5.03,1.77,-2.69,-5,FAIL
"реальности,",8.81,0.5,-0.18,5,SUCCESS
убиваю пошла сверхчувствительность.,8.1,0.67,-1.44,-5,FAIL
"говорить, серьезным",8.6,0.71,-0.66,5,SUCCESS
рядом,7.17,0.56,-0.19,-3,FAIL
будешь,8.57,0.48,-0.2,1,FAIL
"зажигалки, долго, счастливая выбраться",6.77,0.74,-2.33,-3,FAIL
города. уничтожения мерзкой,6.35,0.86,-1.52,-3,FAIL
"неа, крайней ебал пара ноги,",5.41,-1.65,-3.56,-2,FAIL
"надеюсь, говорить, оооо, сверкали",7.36,-0.11,-3.06,-5,FAIL
"соглашаешься здорово! удивительно,",5.99,0.95,-1.5,-3,FAIL
ли? окей лучше,8.53,0.59,-1.47,-5,FAIL
позади собой.,7.23,0.15,-1.34,-4,FAIL
вода персонажей,5.05,0.98,-0.8,-3,FAIL
"увеличились, идеале мир? странный хотя, лучше,",6.61,0.43,-4.24,-5,FAIL
навык улыбнулась.,8.57,0.21,-1.16,-1,FAIL
позволит учителя честно другой дело? когтей за...,6.57,1.52,-3.94,-4,FAIL
"потерялась, какое? руке появляться",7.25,0.42,-2.56,1,FAIL
квартиру,8.92,0.33,-0.33,3,SUCCESS
почему-то лет,6.27,0.54,-1.06,-3,FAIL
"оффнута перебарщиваешь может, вред о... дурак",0.93,3.55,-8.9,-5,FAIL
"мне невежество сказать, продал",3.2,1.47,-3.0,-4,FAIL
убедительной. одно,8.13,0.11,-1.29,-4,FAIL
"черные писать встретила случится,",7.48,1.19,-1.74,-3,FAIL
ему. заморачивайся способностей ваш веселый резервные,6.27,0.7,-4.09,-5,FAIL
ну... попал. минуту всё рад рассчитываю,7.03,1.87,-2.66,-3,FAIL
едете присматриваю,8.52,0.73,-0.64,5,SUCCESS
смотрит. знаю сук ниа.,6.43,1.44,-1.71,-4,FAIL
твоей прикрывая,7.38,0.37,-1.1,4,SUCCESS
дальше помогу случиться девушка. концах увидев,5.02,0.89,-4.46,-5,FAIL
"близость, насколько",8.1,0.55,-0.85,4,SUCCESS
"все, тело. предпочел фантома?",7.19,-1.28,-4.27,-2,FAIL
"удивительно,",9.01,0.3,-0.37,3,SUCCESS
надо стало обрести,4.8,0.74,-1.99,3,SUCCESS
"частично некоторое эй, воскресят? время,",6.89,0.93,-2.88,-5,FAIL
"параллельное голову. редки, грустной попробуешь",6.81,1.04,-2.79,-3,FAIL
двойку,4.77,0.35,-0.57,4,SUCCESS
"ебу ничто могла проблем, скрип способности. им",4.22,2.59,-4.23,-5,FAIL
забьешь,6.75,-0.51,-0.85,3,SUCCESS
"совсем, информацией ниа. подобные",7.31,1.26,-1.7,-3,FAIL
спасибо.,7.91,0.46,-0.25,1,FAIL
"команду один зажигалка идешь, появление 1789 улыбкой",2.9,1.33,-6.89,-5,FAIL
озадаченный повторите новый,7.02,0.72,-1.55,-3,FAIL
расскажи! думал определенно щенячьими дб....,7.58,1.15,-2.48,-2,FAIL
"подсознания, контролирую отпускает",7.08,0.25,-2.0,-5,FAIL
"своем железные иди знает, действии, железные вернуть",4.86,-0.38,-6.73,-2,FAIL
рогов интерьер,6.8,0.08,-1.46,-5,FAIL
"ввиду? айрин, уж оказались объятиях,",5.44,0.93,-3.36,-4,FAIL
"казалось, имя",8.33,0.5,-0.88,4,SUCCESS
"оценивается неприятны. он марком, комнате некоторых рассеивается",6.59,1.04,-4.41,-4,FAIL
"действует еще опасно? осмотреть ирен, неприятно",6.42,2.15,-2.59,-3,FAIL
остается,8.32,0.2,-0.49,2,SUCCESS
пошли,7.01,0.3,-0.45,4,SUCCESS
"айрин, мерзости, враждующих почему",7.38,0.66,-2.28,-5,FAIL
"имена надеюсь, сигаретами? встречу инструктаж пиздец",7.35,1.0,-3.42,-4,FAIL
обманут имена пламя. войдя условно,6.63,0.97,-2.91,-3,FAIL
ща меня?,1.6,0.54,-2.62,3,SUCCESS
"удивительно, рта",8.62,0.32,-1.04,-1,FAIL
"владельца печально ной, зажигалки, леса,",7.48,1.27,-2.39,-2,FAIL
"перед полностью опыт редкий ноя,",5.69,1.85,-2.34,-5,FAIL
"нравлюсь. вообще-то, личность, после делаешь? ее.",6.49,1.61,-3.1,-3,FAIL
"сигарета, усмешкой",7.61,0.14,-1.3,-4,FAIL
"глубоко лежать открывать свои,",6.3,0.94,-2.24,1,FAIL
подумать... представляя сейчас впал использовала,7.12,1.3,-2.44,-3,FAIL
"патент очнулся отлетела баланс похоже,",7.38,1.12,-2.56,-5,FAIL
"место поведение выдох, смейся воскресили. увидели,",6.08,0.29,-4.57,-5,FAIL
леса конструированное уши поприветствовал вернуться почему. войти,5.88,2.02,-3.75,-5,FAIL
"прошлом, понял, дело...",6.72,0.93,-1.38,-4,FAIL
близким.,8.72,0.3,-0.37,3,SUCCESS
более поет тебе обо заново открылся,4.51,1.46,-4.2,-5,FAIL
долго,5.03,0.61,-0.29,-3,FAIL
говорить,8.16,0.22,-0.48,2,SUCCESS
"быть, нем о силен всегда почти",6.2,0.96,-3.86,-4,FAIL
"анри. слова этого кажется, воплощение верно? серьезный",5.42,1.34,-4.67,-4,FAIL
"жаль,",8.2,0.17,-0.52,5,SUCCESS
"год, сложнее увидел удастся вижу,",7.11,1.88,-1.87,-3,FAIL
"вашим каждой друг знал, освободишь",6.66,1.52,-2.36,-3,FAIL
"спокойным понятно меня, раскололась попробуешь",7.24,1.26,-2.45,1,FAIL
осваивать,7.68,0.09,-0.63,5,SUCCESS
помочь чистилища? целом да... самом,6.52,0.65,-3.27,-5,FAIL
"душу, перчатки.",8.57,0.55,-0.82,4,SUCCESS
"мгновенно. порождением говорит сотрет серьезно,",7.26,0.78,-2.93,1,FAIL
рассказать? местными,8.08,0.56,-0.85,4,SUCCESS
"место, полупрозрачная вернуть души услышать четким,",6.23,1.22,-3.59,-4,FAIL
"около воспоминаний,",8.29,0.56,-0.83,4,SUCCESS
"душ, мыслить. криво людей? кричали. причин",6.32,0.96,-3.81,-4,FAIL
"против пустоту щенячьими существами. вздрогнули, уничтожая существ.",5.21,0.82,-5.31,-5,FAIL
"собраны получится раньше заблудших освобожденную вы, сбегу?",4.05,2.65,-4.3,-5,FAIL
занимаю подожди!,7.7,0.76,-0.68,-3,FAIL
"много кажется, открыли голове.",3.79,1.93,-2.18,-5,FAIL
одетую попадает хачу повредите,6.63,0.81,-2.3,-3,FAIL
разности в,6.23,0.76,-0.84,-3,FAIL
1 рунический исходить,8.0,0.81,-1.31,-4,FAIL
подсознание.,7.6,-0.15,-0.87,3,SUCCESS
"подсознание, чувства",8.65,0.14,-1.22,5,SUCCESS
"писать связаться сил, денежный исключение, всего",4.78,1.96,-3.53,-5,FAIL
"головой, вплоть рассеиваться вокруг способность",7.37,1.23,-2.46,-5,FAIL
"руку. должно допустим,",6.99,0.81,-1.46,-3,FAIL
спаси холодный девушку.,5.84,0.28,-2.2,-5,FAIL
"щитки сказать, врасплох,",8.25,0.62,-1.47,-5,FAIL
ужасные против стойку припарковал,7.84,0.73,-2.12,-5,FAIL
эти местный т.е около,3.64,1.62,-2.57,-5,FAIL
рассказ почти взяла?! игнорит,7.52,0.96,-1.96,-5,FAIL
глазах.,8.86,0.07,-0.6,5,SUCCESS
квартиру припарковал любом,8.08,0.72,-1.39,-4,FAIL
"нравится законы? зависимость сил,",5.4,2.02,-1.42,-3,FAIL
знал руке,6.95,0.34,-1.18,-5,FAIL
довольно отпущу,7.47,0.44,-1.02,4,SUCCESS
"улицы, сюда",7.0,0.33,-1.18,-5,FAIL
"представление, убил незнакомую",8.19,1.04,-1.06,2,SUCCESS
идя,8.1,0.22,-0.48,2,SUCCESS
"серьезных друзьями. материализовалась оставляю грустно сил,",6.31,1.55,-3.22,-4,FAIL
ранг мило. абсолютно домой. эта извращенный. стошнило,5.84,1.98,-3.82,-5,FAIL
норм,6.56,0.39,-0.39,4,SUCCESS
так центре,1.03,1.91,-2.03,-5,FAIL
особенность сигарет,8.22,0.47,-0.92,4,SUCCESS
существование,8.47,0.36,-0.33,1,FAIL
падает звучит которые,6.49,0.92,-1.44,-3,FAIL
повредите,8.98,0.29,-0.37,3,SUCCESS
зря шутливо. военной значит,4.46,1.47,-2.32,-5,FAIL
нибудь подумав. остановился заполнить тянущейся,4.12,0.1,-4.83,-5,FAIL
хранится ведешь протянул оба заканчиваю,4.64,1.52,-3.12,-5,FAIL
момент,6.03,0.24,-0.57,4,SUCCESS
понять.,7.44,0.37,-0.37,1,FAIL
"эмоций,",7.38,0.03,-0.71,3,SUCCESS
пламя,7.31,0.22,-0.52,2,SUCCESS
прошлом.,7.68,-0.05,-0.78,3,SUCCESS
рунический,7.71,0.25,-0.47,4,SUCCESS
файле один стремлений. чистилищную,5.44,0.73,-2.7,-5,FAIL
"существу обладает исходит говорил, темных трескаться",6.24,1.47,-3.34,-4,FAIL
сделать. писать безжалостно че некоторое концентрироваться. спросить.,4.55,2.33,-4.23,-5,FAIL
"редки, чтоб попробую.",8.3,0.57,-1.51,-5,FAIL
гораздо квартиру ной?,7.94,1.28,-0.85,2,SUCCESS
зависимость смущена.,5.77,0.83,-0.83,-3,FAIL
аура удобно дурную,6.91,0.95,-1.33,-4,FAIL
"слежу выдохнул, скаляр",7.18,0.67,-1.57,-4,FAIL
"подавленно. каков все. называть очень ситуация идешь,",5.71,1.92,-3.94,-5,FAIL
"судя лучшая. затуманен, он. мне",7.29,1.28,-2.42,1,FAIL
странная вами я?,6.41,0.63,-1.74,-4,FAIL
"такая сигарета, вздохнула.",7.82,0.43,-1.72,-3,FAIL
же многих,5.5,0.75,-0.96,-3,FAIL
"анри! глубокую там,",7.97,0.71,-1.41,-4,FAIL
"эме. понял,",7.37,0.52,-0.95,3,SUCCESS
"пользоваться, колени. настроение девушка.",7.8,0.45,-2.42,-5,FAIL
"оценки завтра думаешь, быстрее, взяли выполнен.",4.17,2.01,-3.87,-4,FAIL
"перегибаешь быстрому понимаю, улицы классическую друзьями.",6.82,1.51,-3.09,-4,FAIL
амэ. заметок,7.51,0.08,-1.38,-4,FAIL
жгучее чувство ухмылкой. отставай. встревоженный,5.86,1.28,-2.85,-5,FAIL
"подумал, будущее такое",6.93,0.99,-1.29,-4,FAIL
"девушка. сознания, открылась навещал убил,",6.19,1.09,-2.93,-5,FAIL
"боя вижу, зашла тебя угрожает. киваете,",7.12,1.36,-3.14,-5,FAIL
темнее. порядке о... порядка ушел по,6.98,1.11,-3.43,-4,FAIL
ей давай,4.06,0.65,-1.34,-4,FAIL
заменяем классической. файле отлетела стер,4.27,1.39,-3.45,-4,FAIL
нашли оглядывая проснулся.,7.86,0.54,-1.61,-4,FAIL
счастлив хихикать.,8.44,0.45,-0.93,-1,FAIL
помнишь.,8.29,0.34,-0.36,1,FAIL
"стало замешательстве. нахмурилась. ориентируюсь, ли,",6.84,0.8,-3.02,-5,FAIL
"исключение, хочу дураком удобно увеличились, уф, нулю,",5.91,1.79,-3.97,-5,FAIL
случилось?,8.64,0.2,-0.48,2,SUCCESS
нитту легче. причине трудную за... существа. профит,4.29,2.63,-4.13,-5,FAIL
домой. повысит трабл подсознания. гестия,6.25,1.86,-2.14,1,FAIL
"безобидно, перенесу мб слишком",7.05,1.33,-1.68,-4,FAIL
"сказать, окей",7.89,0.48,-0.94,4,SUCCESS
легкомысленное -5 остановила. помочь против,6.7,1.51,-2.36,-3,FAIL
пытаюсь транспортир. легкой смысл? нахмурившись. приняла убить,3.54,3.17,-4.27,-5,FAIL
"существ. дома, месяца сначала объясняет голубым чистилищу,",4.96,1.94,-4.35,-5,FAIL
"тобой. местный прародитель видели осторожен, проводник. нашли",5.22,1.92,-4.21,-5,FAIL
оптимальный года? моего умерла? своих живо,4.5,1.65,-4.01,-4,FAIL
вам. отдавался роскошно. чем живых.,5.57,1.23,-3.0,-4,FAIL
пропускается,2.77,0.18,-1.02,5,SUCCESS
"эме пришли дерьмо, думаешь, своих",5.5,1.02,-3.24,-4,FAIL
такую,7.66,0.36,-0.36,1,FAIL
"убежим. сильно рада, сказала,",6.99,0.62,-2.41,-3,FAIL
"узнала, свою чтол? ок, обладает надеюсь, появилось",6.35,1.49,-4.07,-4,FAIL
дб рай,5.26,0.57,-1.18,-3,FAIL
"получить. спасение,",8.57,0.14,-1.23,5,SUCCESS
воскликнули вплоть,7.51,0.61,-0.85,-3,FAIL
прелесть здорово!,8.55,0.31,-1.06,-1,FAIL
думаешь... написал свергла новая рыжеволосая пофиксил всегда,5.85,1.82,-3.97,-5,FAIL
моя против сигаретами? побаловать ты? подошли абсолютно,4.56,0.22,-6.33,-5,FAIL
пойдешь своей,8.4,0.83,-0.55,2,SUCCESS
"собраны бессмертен? здесь, встретила выяснить, открыли",4.44,1.46,-4.23,-5,FAIL
длинными но...,8.61,0.51,-0.85,4,SUCCESS
стресса. освободил открылась,7.25,0.88,-1.34,-4,FAIL
"вижу,",8.35,0.37,-0.32,1,FAIL
открылся подавив,8.67,0.62,-0.73,3,SUCCESS
"стена, покорно открывает итак,",7.52,1.23,-1.68,-5,FAIL
груди? скаляр,8.1,0.44,-0.97,4,SUCCESS
разозлить червоточина. были надзиратель одежда способ заморачивайся,6.68,1.77,-3.64,1,FAIL
уважительно.,8.21,0.12,-0.58,5,SUCCESS
наладится считаете пушо одно остановились.,5.52,1.2,-3.06,-4,FAIL
существом,7.55,0.36,-0.36,1,FAIL
"частицы, неа убил, порождением",7.84,0.57,-2.29,-5,FAIL
встретимся,8.15,0.39,-0.32,1,FAIL
"случится барьер, мерзость? мир? придурок тревогой.",6.61,1.72,-2.95,-3,FAIL
"создай неуверенно, недоброжелательно знал, денежный просьба, остальных.",5.52,2.43,-3.52,-5,FAIL
"поступили местный, одну ключом почти",6.91,1.48,-2.33,-3,FAIL
ним,7.17,0.15,-0.6,5,SUCCESS
мерзость?! повредите,8.2,0.55,-0.85,4,SUCCESS
"неужели решила помню,",7.84,0.79,-1.35,-4,FAIL
"сделать, слова способность покинуть за подключив",4.39,0.48,-5.25,-5,FAIL
вижу,8.86,0.27,-0.4,4,SUCCESS
счастлив раньше? итоге вероятность всем.,7.47,1.28,-2.38,-2,FAIL
продолжающимся отлетела легче. мощным расскажи,7.13,1.2,-2.55,-3,FAIL
"зажигалку пришел,",7.67,0.72,-0.73,-3,FAIL
"закалиться подходит, получить миров, подбора произнесли огрызнулась",5.84,1.28,-4.51,-4,FAIL
протягивая закричал визуально твою бесконечной медленно,7.26,2.2,-2.77,1,FAIL
материализовали,8.09,-0.18,-0.88,1,FAIL
неудачу а. пропускается,8.4,-0.1,-2.17,-4,FAIL
сидели,9.05,0.33,-0.33,3,SUCCESS
"удачи, раной, остановилось.",8.21,0.63,-1.46,-5,FAIL
пришел бля хорошо.,7.11,0.77,-1.49,-3,FAIL
"худшее, пхпххппхпххп конфликтом. замолчали,",7.08,0.29,-2.71,-5,FAIL
странного много,7.63,0.51,-0.94,3,SUCCESS
оно удивляться. портить медитировать. бесконечному,1.69,1.46,-6.23,-5,FAIL
самом,8.43,0.34,-0.34,1,FAIL
"напуганы,",8.68,0.29,-0.39,4,SUCCESS
"ясная увидели, поглотила нуля,",6.81,1.07,-1.99,-3,FAIL
"тебя бы, были",3.14,0.08,-3.3,-5,FAIL
питается возмущаешься.,8.17,0.38,-1.01,4,SUCCESS
"способность кста представления, нонсенс,",7.86,0.52,-2.33,-5,FAIL
"кармана, милой.",8.54,0.63,-0.74,3,SUCCESS
ирен. верно.,7.66,0.36,-1.08,4,SUCCESS
"встречаются девушке говорится тому, объяснила великую посмотрел",3.18,2.34,-5.51,-5,FAIL
ударом.,8.18,-0.17,-0.87,1,FAIL
тускло изо работает аме,6.29,1.32,-1.87,1,FAIL
хоть мрачный мерзостей нет голос выжить раньше,4.69,2.6,-3.86,-5,FAIL
"сижу богохульный очнулся найдешь информацией пришло,",3.92,1.66,-4.4,-5,FAIL
"подсознания, сук вас.",7.12,0.63,-1.62,-4,FAIL
мог сигареты. смысл? воле.,5.74,0.88,-2.45,-5,FAIL
таятся дорогом бездна удар. ухмылкой. будучи,5.25,1.96,-2.06,-5,FAIL
стресса. настоящей использовать? попадают переделать.... разрушенный запечатана,5.7,2.56,-3.3,-5,FAIL
ввиду? помочь. провести сократить уверуй нахмурившись. молча,4.75,1.82,-4.61,-5,FAIL
всего лицо,5.85,0.78,-0.88,-3,FAIL
"случай, дб.... лишь",8.1,1.51,-0.6,2,SUCCESS
хмурая вдох затем борьбы ограничения. пока.,6.57,1.16,-3.52,-4,FAIL
простому маневры.,6.39,0.75,-0.83,-3,FAIL
обширная,8.24,0.17,-0.52,5,SUCCESS
искренне нечистой,8.55,0.66,-0.71,5,SUCCESS
приняла силы. плотнее,7.67,0.53,-1.64,-4,FAIL
этом мб,6.38,0.69,-0.89,-3,FAIL
порядке,8.71,0.34,-0.34,3,SUCCESS
"думала квартиру. бессознательную страх, классный код ния,",6.19,2.17,-3.46,-1,FAIL
"улыбнулась. быть, мгновенно. палач денежный честно вспоминать.",5.81,1.04,-4.77,-4,FAIL
"порядке абоминациями. очнувшись. обычно, откуда почувствовали",6.64,1.8,-2.85,-3,FAIL
"вспомнил заморачивайся оффнута чистилища, начнешь?",5.16,0.6,-3.8,-5,FAIL
"думала,",6.9,0.11,-0.65,5,SUCCESS
"сломлен, колени. заставить самого ха, то объясняет,",5.86,1.78,-4.01,-5,FAIL
"такой, состояние тобой. пошла мерзостями... курить,",5.54,1.3,-3.8,-4,FAIL
"вопросы беспокойство. боя вау! трудно. личность,",5.31,1.82,-3.38,-5,FAIL
"убежишь, классом",8.26,0.56,-0.84,4,SUCCESS
окей красивый,4.9,0.59,-1.22,-3,FAIL
"курить, серьезный",7.54,0.44,-1.02,4,SUCCESS
демонида. амэ лицом заебца случаи наношу,5.72,2.42,-2.6,-5,FAIL
"сознания, майор-палач, неа почувствовала, счастлив правы. эхом.",6.2,2.1,-3.53,-1,FAIL
"держать понимая, хватало подожди!",7.45,0.81,-2.12,-5,FAIL
ничто,7.5,0.29,-0.44,4,SUCCESS
"ли сократить эмоций моменты, катаклизм удар.",4.77,2.67,-1.56,-4,FAIL
"пара причине врасплох, потерян,",6.93,1.1,-1.94,-3,FAIL
"кому, дурак говорите вопросов. создание. хочу, рассмеялись",5.18,1.59,-4.56,-5,FAIL
рандом хуй,4.58,1.09,-0.78,3,SUCCESS
бессознательно,8.39,0.12,-0.57,5,SUCCESS
"левитировать кивнет холодно, квартиру мило.",6.67,1.58,-2.29,-3,FAIL
"повредив этого оглядывая слушай, найдем выпустив вещи.",6.5,1.38,-4.11,-5,FAIL
бездне вокруг,8.17,0.59,-0.8,4,SUCCESS
наблюдая бесконечном шепчет поприветствовал начинающихся идет встревоженный,6.66,2.05,-3.38,-1,FAIL
"чистилища. последнее равно мерзостями... хватит,",6.21,1.01,-3.0,-4,FAIL
"полтора обладает решил, рассеивается общества, чувствителен которых",3.88,0.51,-6.6,-5,FAIL
гарда как,8.89,0.45,-0.89,-1,FAIL
"редки, темной начала ситуацию, появился блять",7.59,2.05,-2.31,-2,FAIL
опыт,7.92,0.39,-0.32,1,FAIL
"территория видов осталось другими. каньон. близких исчезни,",5.76,2.22,-3.62,-5,FAIL
скажу,3.26,0.28,-0.83,-5,FAIL
"чистилищу,",8.56,0.33,-0.35,1,FAIL
"тобой, побежал пульсацию убить. места,",6.24,0.9,-3.11,-4,FAIL
"думаете выглядит,",7.14,0.37,-1.12,4,SUCCESS
тревогой. хочется говорить. говном богохульном крашнулся идиот,6.73,1.29,-4.11,-5,FAIL
марк спят.,6.97,0.61,-0.91,-3,FAIL
"большая чего, ирэн худшее, анри? делаем крайней",4.31,2.7,-4.04,-4,FAIL
тобой извиниться... лезвия,7.4,0.56,-1.65,-4,FAIL
"ния имя, рту,",7.63,1.12,-1.05,3,SUCCESS
"делать, увидеть, время удивлялись, способностей. хочется",5.82,1.86,-3.12,-5,FAIL
остановившегося расскажешь. я?,7.94,0.5,-1.63,-4,FAIL
"узнала, предложений оно структуру импульс,",7.15,0.73,-3.01,-5,FAIL
подводят означает убиваю,7.92,0.85,-1.28,2,SUCCESS
существо. попал голубым коснулся имя.,5.98,1.41,-2.68,-5,FAIL
марком,8.46,0.26,-0.42,4,SUCCESS
"делая проснись,",7.68,0.87,-0.58,-3,FAIL
продолжающимся,8.82,0.07,-0.61,5,SUCCESS
я подсказывает идеала,2.65,1.24,-2.44,-5,FAIL
"интересно чист, гемороиться оттолкнуто влиянием",7.41,1.49,-2.19,-2,FAIL
"идеала ничто ней, поспешил извиниться...",3.23,1.95,-3.62,-4,FAIL
"существо, подпрыгивая тобой где выражение крик,",6.29,1.61,-3.18,-3,FAIL
дальше. всем есть отеле? держать,6.53,1.68,-2.23,-3,FAIL
"пыль, понять компоненту больше, пора вернул арк",6.03,2.17,-3.53,-4,FAIL
"демонида,",8.96,0.31,-0.35,3,SUCCESS
"ответили контроль интерьер огонь, воспоминаний майор",6.11,1.01,-3.84,-4,FAIL
"шанс том, эмоций, получается, бы глубокую",3.34,1.99,-4.57,-5,FAIL
парень навык многих,6.31,1.13,-1.25,3,SUCCESS
нашли охвачена подавленно. сне такие спрашиваете хочу,6.39,1.31,-4.23,-5,FAIL
кончике. полного расскажу марка мерзость?! генерации,5.89,1.62,-3.33,-5,FAIL
"мне... удара. близость, порядке",6.26,1.02,-2.17,1,FAIL
"озадаченный никуда, ленивый графы",6.85,0.18,-2.88,-5,FAIL
хаотично сказать . оружие,7.34,1.44,-1.51,-3,FAIL
слезами,8.86,0.54,-0.13,5,SUCCESS
"ирэн следила способности, закалиться найдешь",6.26,0.65,-3.35,-5,FAIL
имена моего,8.17,0.21,-1.19,-5,FAIL
чувствовал. делаем,7.56,0.2,-1.25,-5,FAIL
поспешил остановилось.,6.98,0.42,-1.1,4,SUCCESS
"знакомым,",8.3,0.24,-0.45,4,SUCCESS
мире смерти.,7.15,0.85,-0.64,-3,FAIL
"держа провел хаосу, ориентируюсь, быстро том купить",6.27,1.93,-3.66,-1,FAIL
знак,7.82,0.18,-0.54,5,SUCCESS
"стал заебца трескаться ирэн. проблем, сиреневое леса",4.06,3.04,-3.91,-4,FAIL
сделаю,6.75,0.15,-0.62,5,SUCCESS
"спасение, вырастет своего",7.54,0.13,-2.06,-5,FAIL
"ней дух вокруг еще кузнеца, прошлого.",4.28,2.36,-3.44,-4,FAIL
"переселение серьезно? хватит, мрачная классно",3.81,1.26,-3.86,-4,FAIL
сильнее. зажглось поэтому,6.98,0.27,-2.0,-5,FAIL
"места. затуманен, расскажешь. скажешь, смейся",6.09,0.61,-3.44,-5,FAIL
"идеале угрожает, остановить стремлений. знакомым жгучее",3.53,1.93,-4.46,-5,FAIL
"идешь, нотаций попытался просто. такого которой должна",6.49,1.14,-4.36,-4,FAIL
"который навещал затуманен, расскажешь. марком.",5.29,1.57,-2.78,-5,FAIL
"вымерли. изобретений, спала. таятся краснеть.",6.93,0.57,-3.23,-5,FAIL
"будут одиноко бесконечно скован худшее, крашнулся",5.81,1.27,-3.71,-4,FAIL
нет. парень светил,8.06,0.73,-1.38,-4,FAIL
убрать найдешь исходить девушка,2.78,2.45,-2.35,-5,FAIL
провести,8.41,0.1,-0.59,5,SUCCESS
"устроили? а...? самообманом. найдешь продемонстрировала, прежде",5.56,1.9,-3.19,-5,FAIL
"разум ваши анри. пустым, мерзости, воскликнули",6.33,1.93,-2.84,1,FAIL
"девушкой. вспомнишь сопровождать зрелища, повысит",7.43,1.08,-2.59,-2,FAIL
"писать ночь,",6.35,0.21,-1.37,-4,FAIL
взять,6.4,0.04,-0.75,3,SUCCESS
разорвать да...,8.56,0.24,-1.13,-1,FAIL
у видите изменил,4.12,0.98,-1.98,3,SUCCESS
"колоссальную коме,",8.24,0.69,-0.7,5,SUCCESS
"чреве месяца,",7.87,0.61,-0.82,4,SUCCESS
"принципиально дух сказали. рядом выглядит, осматривая",6.5,1.69,-3.01,-3,FAIL
справедливо. уничтожения,7.41,0.29,-1.18,-5,FAIL
припарковал мое понять. колоссальной привыкла недоброжелательно,5.58,1.99,-3.09,-5,FAIL
подрядчика? существами. тянущейся могу могли отвечаете сводная,5.79,0.71,-5.11,-5,FAIL
думаешь... ряды какой-либо,7.28,0.13,-2.1,-5,FAIL
"только, сильно мире видела,",7.51,0.92,-2.0,-5,FAIL
при сохранив гестия.,4.96,0.73,-1.97,-5,FAIL
"ранения спит, лицом логично, ярче",6.1,1.68,-2.37,-5,FAIL
"решила изнурительно, фантома, сам выполнишь остальное дерьмо,",6.62,2.01,-3.43,-1,FAIL
"стресса. начала, чувство",7.41,0.62,-1.59,-4,FAIL
противника закричал означает извиниться...,7.95,1.04,-1.8,-4,FAIL
ниа была во,7.87,0.82,-1.32,-4,FAIL
случится,8.77,0.44,-0.24,3,SUCCESS
течение,8.59,-0.07,-0.75,1,FAIL
оказаться,8.25,0.17,-0.52,5,SUCCESS
полностью,7.34,0.69,-0.05,-3,FAIL
"лицемер, встать, предлагаешь? плакать. такой.",7.26,0.95,-2.76,1,FAIL
"блять этого продаюсь наложили чистилищем. новой чистилищу,",0.8,7.24,-8.41,-5,FAIL
"потерялись, драки",8.25,0.73,-0.66,5,SUCCESS
пришли смогу. отдавался постоянно мной? легче. оружия,6.65,0.69,-4.74,-5,FAIL
"нарушителей менч воскресну? думаешь, интересуешь видели мерзостей.",6.06,1.93,-3.76,-4,FAIL
голос всепоглощающий демонид разорвать ей,5.89,1.73,-2.39,-5,FAIL
"глупость а подсознание. свяжет слышали, оценивается",5.62,1.14,-3.92,-4,FAIL
законов большая,8.2,0.42,-0.98,4,SUCCESS
пошли близких,6.58,0.7,-0.86,-3,FAIL
"улыбается деньги, бля другу. сражалась результате",5.85,1.67,-3.29,-5,FAIL
"знаете,",8.68,0.32,-0.36,3,SUCCESS
нерешительно убиваю сидели обычно масштабах помнил,7.19,1.77,-2.71,-3,FAIL
"города,",7.58,0.18,-0.54,5,SUCCESS
"редкий дальше? собой. имя. правильно, катастрофа?",6.72,1.5,-3.13,-4,FAIL
их примешь показывая никому,5.02,1.12,-2.45,-5,FAIL
"почему. удивлялись, каким",6.3,0.68,-1.71,-4,FAIL
освободить,7.69,0.07,-0.65,5,SUCCESS
чуть или,7.14,0.41,-1.09,4,SUCCESS
"другими. врагов удивительно, кстати, поярдок свяжет освободить",6.25,1.66,-3.94,-3,FAIL
месте?,8.58,0.34,-0.34,1,FAIL
трет,7.34,0.37,-0.37,1,FAIL
"веди шагов обычное существами. научился ща барьер,",5.14,1.78,-4.39,-5,FAIL
"уникальный почти влиянием событий закалиться ной,",7.06,1.15,-3.36,-4,FAIL
"было, а создание.",6.9,0.7,-1.58,-4,FAIL
слухи. поете,8.59,0.18,-1.19,5,SUCCESS
разве,7.05,0.19,-0.56,5,SUCCESS
"стараясь рту, уши давящей компенсировать интересно. честно",5.99,1.76,-3.96,-5,FAIL
"каждой достать образовалось воображения подходит,",6.87,0.98,-2.83,-3,FAIL
кайф тревогой. улыбнулась щенячьими ничуть общении бежать!,4.38,1.76,-4.93,-5,FAIL
"вашим скрип можем эмоций,",6.98,0.86,-2.17,-3,FAIL
очевидно. мной!,7.51,0.52,-0.94,3,SUCCESS
"другим узнал находится,",4.94,0.41,-2.29,-5,FAIL
ударом колоссальной видите,6.65,1.09,-1.24,3,SUCCESS
"вокруг плакать, например, проснулся. начала",6.09,1.34,-2.71,-5,FAIL
этому сделать? пришли,5.55,0.65,-1.9,-5,FAIL
"асию хороший мерзость?! оглядывая такая? территория допустим,",4.25,1.47,-5.32,-5,FAIL
"нее, волнуйся,",8.54,0.51,-0.86,4,SUCCESS
дерьмовый собой. собираясь отпустил пламя. гораздо,6.89,1.75,-2.82,-3,FAIL
особое редактором почему.,8.27,0.94,-1.15,2,SUCCESS
похуй решил месяца человеком частично тяжелым,4.57,2.18,-3.43,-5,FAIL
"понимание работает связаны, марке. несокрушимая живой ерунды,",6.12,1.23,-4.43,-5,FAIL
"нрав, самообманом. неудачу борьбы. беспокойство",6.8,1.11,-2.72,-3,FAIL
представляя напротив,8.65,0.61,-0.75,3,SUCCESS
записываю будучи разозлить помните,4.68,1.04,-2.66,3,SUCCESS
ния пожал хвост другими.,7.22,1.38,-1.6,-4,FAIL
"контролировать способности. маленьких понимаете, образ деньги,",6.88,1.75,-2.82,-3,FAIL
"замуж, рада, объясняет мертв. попробовать",7.23,0.83,-2.89,1,FAIL
"существом увидели, судя",6.68,0.74,-1.59,-4,FAIL
абоминации,8.69,0.34,-0.34,3,SUCCESS
колоссальной,8.69,0.24,-0.44,4,SUCCESS
года?,8.76,0.34,-0.34,3,SUCCESS
щитки души породила каменная,7.8,1.2,-1.67,-5,FAIL
говорить,8.16,0.22,-0.48,2,SUCCESS
моих врачом. оскорбительно. течение подойдет? невежество,4.46,1.32,-4.37,-5,FAIL
"идей серьезным мерзостей. взять спасибо,",5.42,0.83,-3.46,-5,FAIL
"места,",8.63,0.0,-0.68,1,FAIL
пояснили,8.95,0.16,-0.51,5,SUCCESS
"разорвать территория форму, чудо, пытался руке. трет",6.7,1.4,-4.01,-5,FAIL
все. говорить. открытый души?,7.15,1.52,-1.47,-3,FAIL
"здесь существо, слабой помочь вы.",5.19,1.84,-2.55,-5,FAIL
конструированное выбрал своего катаклизм,5.12,1.2,-2.34,-5,FAIL
"серьезным личность, структуру создателем тренировку, жить.",6.2,1.66,-3.16,-3,FAIL
мерзкой помнил частично поняла,7.29,0.87,-2.1,1,FAIL
сложении ножей пар.,4.99,0.49,-2.19,-5,FAIL
существом течет мир смутное оно станет,5.79,1.58,-3.41,-5,FAIL
существующим самое существо. породила беспокойство делаем слежу,3.64,2.52,-4.82,-5,FAIL
"боевую частично очнулся мира логично, помножка",6.1,1.29,-3.57,-5,FAIL
"лицо, отличный энергия.",7.58,0.65,-1.53,-5,FAIL
катастрофе. беру,8.2,0.52,-0.87,4,SUCCESS
придется,7.68,0.36,-0.36,1,FAIL
"называть пользоваться,",7.47,0.6,-0.86,-3,FAIL
"получить аура оценок превращаться оружия-души,",7.36,1.18,-2.51,-5,FAIL
"дальше? задумавшись замуж, показалось.",7.22,-0.05,-3.03,-5,FAIL
человеком квартиру голосуешь?,7.82,0.76,-1.39,-4,FAIL
мне... лицом держите. посохом,6.42,0.43,-2.73,-3,FAIL
"проект кстати, говорится ниа предложением",5.43,1.34,-2.95,-5,FAIL
"такой. чето много. спрашиваешь значит,",5.69,1.15,-3.04,-4,FAIL
червоточина. попросила,8.34,0.55,-0.83,4,SUCCESS
"такой, марке. получается, этого",6.5,0.43,-2.71,-3,FAIL
"вы, звали привыкла показалось. сказала, определять лице.",5.56,1.01,-4.93,-4,FAIL
"вторым лучше получили сути, ухмыляясь.",6.94,1.03,-2.77,-3,FAIL
"разорвать чист, степени, года",7.7,1.06,-1.82,-2,FAIL
"случайную простите, левитировать хачу уцелевших понимаю",4.01,1.84,-4.15,-5,FAIL
чисел стараясь,5.81,0.73,-0.93,-3,FAIL
"себе, дверь случится, эмоций.",7.1,0.66,-2.35,-3,FAIL
припарковал честно миром форму,6.38,1.17,-2.0,-3,FAIL
"легче. сделать спросить пробормотал пройдет этап что,",5.82,2.33,-3.47,-5,FAIL
"скрыт, этом,",8.63,0.58,-0.78,3,SUCCESS
"небоскреб. смущенно классные назад года, рандом",7.12,1.31,-3.19,-5,FAIL
выглядит,8.92,0.2,-0.47,4,SUCCESS
почувствовал словам ведешь благодаря,6.19,1.41,-1.8,-4,FAIL
голос.,7.63,0.4,-0.33,1,FAIL
"богу видели говори растерянностью пожалуйста, нулю, 5",1.77,3.56,-6.96,-5,FAIL
"врасплох, маневры. начала натура эхом. обманывают убежишь,",5.55,2.07,-3.88,-5,FAIL
"имеешь особенным, сделать? прикоснувшись угрожаете спутник",5.14,1.43,-3.86,-5,FAIL
взяли богохульный,8.27,0.28,-1.11,-1,FAIL
"удивлялись, хорошая ошибках её? выпустив пусть",7.52,1.94,-2.44,-2,FAIL
собираясь,8.82,0.27,-0.4,4,SUCCESS
"которую сложнее академию,",7.18,0.96,-1.28,-3,FAIL
эй прежнему,8.05,-0.07,-1.48,-5,FAIL
информацией новая комнаты. сказала. подпрыгивая неприятно стала,6.55,1.26,-4.21,-5,FAIL
полагаться которая потому у дурак ним встретимся,6.67,1.96,-3.46,-1,FAIL
"дерьмо, достать момент?",8.24,0.84,-1.25,2,SUCCESS
"оружие, понимаю,",8.54,0.61,-0.76,3,SUCCESS
чему отправиться воскресят. нотаций странное отпустил нашли,6.25,2.38,-3.22,-1,FAIL
"следить оставались особенность вниз,",7.43,1.11,-1.83,-2,FAIL
юбку,7.02,0.08,-0.68,5,SUCCESS
где-то вызывает ответил купил,7.52,0.49,-2.43,-5,FAIL
"подумать... держать меня, спросили зарядки лучшая. демонид",6.44,1.58,-3.94,-3,FAIL
назад. зол. дублирует кем,7.85,0.83,-2.03,-5,FAIL
перебарщиваешь пламя пару гарда вещи.,6.4,1.81,-2.14,-3,FAIL
невозможно страшно городской теперь,7.31,1.49,-1.46,-3,FAIL
"идиот поч цена опыт тем, время",6.89,1.49,-3.09,-4,FAIL
странный меняющейся,8.36,0.24,-1.14,-1,FAIL
разряжены сиреневое попробую вам.,5.58,-0.47,-3.85,-2,FAIL
погрузился новый внезапное разброс болван страшное подсчет,5.51,2.51,-3.45,-5,FAIL
высококвалифицированным,7.47,0.22,-0.51,2,SUCCESS
"контракт, обычное их богу волнуйтесь, вашего контроль",5.4,2.02,-4.01,-5,FAIL
"существование может,",8.05,0.61,-0.8,4,SUCCESS
пиздец сверкали обрести лезвия отсюда,3.37,0.48,-4.97,-5,FAIL
"пушо том, знакомым, сильной,",5.64,1.13,-2.24,-5,FAIL
взял помножка тебе абоминацию? попадает,3.89,1.09,-3.98,-4,FAIL
"использую вырастет имеет сильной,",7.99,1.18,-1.65,-5,FAIL
сначала твой имя.,6.2,0.43,-1.98,-5,FAIL
ответила,7.71,0.0,-0.72,3,SUCCESS
"бы позволить тобой другой предлагаешь? права. проводника,",3.62,1.59,-5.77,-5,FAIL
поглощенную рот. сводная оценки,7.08,0.26,-2.74,-5,FAIL
место классом,7.73,0.36,-1.08,4,SUCCESS
"помнишь, ладно способностей близким.",6.99,1.68,-1.34,-4,FAIL
глаз что мир,7.09,0.98,-1.28,-3,FAIL
пробормотал держишь вечность оказалась куда демонида другом,5.92,1.93,-3.82,-5,FAIL
"спасение, сейчас сводная давай! встретил вашим",6.42,0.89,-3.85,-4,FAIL
продолжал,8.39,0.31,-0.38,4,SUCCESS
верно? будь трудно. сделать кадры воскликнул делаешь?,4.62,1.94,-4.57,-5,FAIL
"едва нанесла о оценивается помню, вау!",4.6,1.31,-4.28,-5,FAIL
поймал сожрать захватывает близким. заповедь мелкая,6.7,1.31,-3.32,-5,FAIL
дома собираемся сама усмешкой,7.7,1.1,-1.78,-4,FAIL
не встает клинков закинув гарда классической. заставить,1.37,4.18,-7.78,-5,FAIL
"поймешь, поймал тела подожди,",6.64,1.04,-2.06,-3,FAIL
собой! отвечаете свободно богохульном контрактор?,6.24,1.3,-2.71,1,FAIL
"эффекта, будут действовать",7.34,0.92,-1.29,-4,FAIL
имя. важной перебарщиваешь знакомым шансов трудно,4.8,1.71,-3.77,-5,FAIL
"сражались понять, рада, грудь уф, привилегий",6.66,2.24,-2.41,-3,FAIL
поебать,4.38,0.33,-0.62,-5,FAIL
"нее, уз навещать",8.1,0.7,-1.41,-4,FAIL
подавленно.,7.98,0.35,-0.35,1,FAIL
дьяволом?,7.7,0.4,-0.32,1,FAIL
начинаете живой колоссальных,7.7,0.41,-1.75,-3,FAIL
небо.,8.8,-0.13,-0.81,1,FAIL
особо перестала,6.71,1.05,-0.49,-3,FAIL
"ослабил адресу. выяснять, близким. потом, враждующих",6.33,1.98,-2.79,1,FAIL
так,1.39,0.68,-1.02,-3,FAIL
таки,5.46,0.43,-0.43,4,SUCCESS
"стали ген координат слышали, пришел",6.21,1.87,-2.15,1,FAIL
"жизни. похоже,",7.39,0.55,-0.92,-3,FAIL
удобно,8.58,0.2,-0.48,2,SUCCESS
предложение часто,6.07,0.76,-0.86,-3,FAIL
"марк ней, простите,",6.49,0.71,-1.65,-4,FAIL
координат вступительном сделаю нравлюсь. 4.5 стали,4.7,1.76,-3.78,-5,FAIL
"ноя,",7.22,0.23,-0.51,2,SUCCESS
течение,8.59,-0.07,-0.75,1,FAIL
вами. да.,8.27,0.7,-0.7,5,SUCCESS
ага структуру похожую подписать,7.88,0.31,-2.54,-5,FAIL
впринципе,3.87,0.56,-0.46,-3,FAIL
он пойти страх. эмоций,3.52,0.96,-3.3,-4,FAIL
честно целом,7.24,0.32,-1.17,-5,FAIL
"просьба, заставило смущаешься",7.86,1.06,-1.08,2,SUCCESS
натянула зрелище. существует таятся сохранениямм домой. почему.,6.83,1.58,-3.77,-3,FAIL
раньше.,8.98,0.07,-0.6,5,SUCCESS
самые,8.03,0.15,-0.56,5,SUCCESS
"ноги, прошлого. расскажешь. надеюсь,",7.46,1.13,-1.79,-3,FAIL
всем все,6.87,0.8,-0.72,-3,FAIL
"ирен, пришел, частично 7 неприятно",6.55,1.55,-2.36,-3,FAIL
использование курил прими лишь колоссальной нитту сложении,6.84,2.7,-2.65,-3,FAIL
"подавив остановила. главный способность удачи, создателем",5.3,2.37,-2.84,-5,FAIL
"увидели, например, деле одного определенно всему та",6.42,1.66,-3.87,-3,FAIL
мелкий мной! который симпатичное,5.55,1.21,-2.19,-5,FAIL
"горит координаты бессознательную мне трудно. знаешь,",5.55,1.87,-3.23,-5,FAIL
"одного осмотреть безобидно, глаз",7.83,1.41,-1.45,-2,FAIL
которую существует,7.59,0.81,-0.64,-3,FAIL
повернулась справедливо.,7.57,0.33,-1.12,-5,FAIL
"ной, кажется нее терпела материал, подобной оба",4.49,1.93,-4.68,-5,FAIL
проект юбку извиниться...,5.95,0.56,-1.9,-5,FAIL
записываю,5.98,0.33,-0.49,4,SUCCESS
"совершать прошлый чистилищу, раной, ведешь",7.5,1.13,-2.52,-2,FAIL
расположения,6.28,-0.12,-0.92,3,SUCCESS
гестия. со продолжал навыки,7.53,1.08,-1.84,-2,FAIL
улыбнулась.,8.34,-0.03,-0.73,1,FAIL
"благодарен месте, окликнуть отстранился",7.03,1.06,-1.96,-3,FAIL
"порядка дб инструктаж исчезла. материал,",5.08,1.44,-2.99,-5,FAIL
вы. рад поправляя войсками холодный,6.19,1.56,-2.46,-5,FAIL
"спросить. испытать возможно, сражались",7.74,1.41,-1.47,-2,FAIL
которых порядок соло,6.75,0.22,-2.09,-5,FAIL
"мгновение какое? новые зажигалку глазами, вошли разность",5.86,1.46,-4.33,-4,FAIL
одним колоссальная молнии.,6.59,0.7,-1.64,-4,FAIL
своим залог рана денежный главнокомандующего тупо капитала,5.83,2.46,-3.34,-5,FAIL
"раздраженно открытой, норм общем, силен пропускается",6.85,0.51,-4.07,-5,FAIL
"знаю пнула? секунду, выступу оказался страшны",6.5,1.75,-2.96,-3,FAIL
мгновение,8.22,-0.15,-0.85,1,FAIL
"изобретений, контакт,",8.49,0.37,-1.0,-1,FAIL
"называть рада, классом анри",6.73,1.43,-1.66,-4,FAIL
"огромный идиотина нибудь здесь, прежде осматривала метод,",6.79,1.02,-4.35,-4,FAIL
говорится горит убедительной.,4.95,0.98,-1.72,-4,FAIL
"чистилищу. как-то руку. жаль, отсюда. уверен?",6.11,1.64,-3.21,-3,FAIL
попробуешь только воскресят. начнешь? драматизируешь?,5.55,0.93,-3.31,-4,FAIL
момент? параллельное перенесу бездне его. девушке,5.54,1.98,-3.12,-5,FAIL
"балансом рассказать? раньше? главнокомандующего пор,",6.17,1.92,-2.11,-5,FAIL
"иногда самообманом. пульсацию достать хотя, доносящийся",2.6,0.83,-6.61,-5,FAIL
раз. открытая местный прости. жить,6.48,1.24,-2.69,-3,FAIL
скоро,7.93,0.21,-0.5,2,SUCCESS
"учимся вы, вашу ухмылкой мире",4.59,1.55,-3.12,-5,FAIL
"люди, какое является",8.01,0.71,-1.41,-4,FAIL
"уйду? месте? прости, привет, разность знакомы стена,",6.46,2.04,-3.47,-1,FAIL
улицу файле чуть,6.7,0.7,-1.61,-4,FAIL
новый рассмеялись,7.29,0.74,-0.74,-3,FAIL
контролирую сказали. знакомый,8.17,0.35,-1.75,-3,FAIL
"очнувшись. встать, вам ливень первым исполнение, пламенем",6.41,1.82,-3.71,1,FAIL
нихуя,5.93,0.46,-0.37,1,FAIL
"мрачный контролирую вообще-то, огонь, абоминацию? всю дропнул",6.5,1.36,-4.13,-5,FAIL
"природу начинаете никогда здесь, палач",5.96,0.82,-3.28,-5,FAIL
"следить изнурительно, понимая. местная",7.51,0.76,-2.16,-5,FAIL
"вода киваете, такого спиной, кровати",3.82,1.29,-3.83,-4,FAIL
улыбнулась.,8.34,-0.03,-0.73,1,FAIL
направить друга. чистилищем. спасибо. хорошо.,6.44,1.16,-2.78,-3,FAIL
"эмоций... увидишь закинул отвлекаю бессмертие местный, сигарет",4.89,2.51,-3.83,-5,FAIL
едете сильнее.,8.53,0.65,-0.72,5,SUCCESS
мог,6.97,-0.11,-0.87,3,SUCCESS
близким. разорвать зажглось,7.92,0.53,-1.6,-4,FAIL
надутая,8.36,0.07,-0.62,5,SUCCESS
"ввиду? получить, войдя",6.26,0.42,-1.97,1,FAIL
ошибся. надулась. чувство улицы описала. встать почти,5.98,2.28,-3.45,-5,FAIL
говорила выехал,8.03,0.3,-1.11,-5,FAIL
отчаянии.,8.68,0.25,-0.42,4,SUCCESS
"подожди,",8.48,0.02,-0.67,1,FAIL
влияет виду?,5.07,0.58,-1.19,-3,FAIL
"незнакомую реальной ебанул вздохнула. замолчали, открытой, помножка",4.93,0.54,-5.76,-5,FAIL
"очнувшись. продолжал выбраться бесконечную уйти потерян,",6.63,1.97,-2.7,-3,FAIL
"скрыт, вздохнули. коме",8.21,0.73,-1.36,-4,FAIL
"кажется, тренировался шучу пустоту оружие, так бессмертен?",6.37,1.25,-4.29,-5,FAIL
"похоже, чисел один собираясь",6.14,0.75,-2.48,-5,FAIL
"классный отпустил горит капитал,",7.68,1.52,-1.37,-4,FAIL
рассказ выпроваживаю скажу появилось навещать,7.09,0.81,-2.94,-5,FAIL
трет нее.,6.94,0.77,-0.74,-3,FAIL
объясняет!,7.93,-0.28,-0.99,1,FAIL
"милой легко,",7.89,0.04,-1.39,-4,FAIL
любой кол-во отчаянии. глубокую,6.39,0.97,-2.19,-3,FAIL
"хуй, чуть удивлялись, помню. пришли запись какое-то",6.66,2.25,-3.17,-1,FAIL
"характера,",8.98,0.1,-0.57,5,SUCCESS
твое задумалась бесконечному спросить,5.66,1.68,-1.68,-4,FAIL
сигареты. разности,7.71,0.48,-0.97,4,SUCCESS
всего соло компоненту юной.,5.27,1.73,-1.75,-4,FAIL
услышать побежал,6.5,0.63,-0.94,-3,FAIL
продаюсь состоит несколькими напоминает совершенно указал ваша.,6.59,2.48,-2.97,-3,FAIL
напоминала осмысленней промелькнуло забьешь действуют марка?,7.08,1.0,-3.09,-4,FAIL
"чего, дропнул катаклизм жила",6.09,1.04,-2.2,-5,FAIL
раньше пустым хаосе превращаться бойкая. неосторожности,6.78,1.58,-3.03,-3,FAIL
"удивлен, давящей одного подошли света выдох, зажигалку?",5.9,1.8,-3.96,-5,FAIL
"вижу это? модель видит месяца, это, нашли",6.53,1.77,-3.71,1,FAIL
конфликтом.,8.82,0.13,-0.54,5,SUCCESS
породила,8.56,0.24,-0.44,4,SUCCESS
работу,5.98,0.1,-0.72,5,SUCCESS
плотнее вау!,8.35,0.45,-0.93,-1,FAIL
связаться длиться обстановке,6.68,0.89,-1.43,-3,FAIL
"я, убегаем? голос, отпустил 1789",6.52,1.74,-2.18,-3,FAIL
беспокоишься выполнять натянула,7.71,0.27,-1.89,-5,FAIL
целом случайную,8.2,0.37,-1.03,4,SUCCESS
раскололась надо,8.2,0.64,-0.76,3,SUCCESS
позади крайней надутая изменения координат купить чисел,5.35,1.27,-4.78,-4,FAIL
"делать понять, такое",5.72,0.5,-2.01,-5,FAIL
"останется нахмурилась. тренировку, экзамене.",7.04,0.78,-2.23,-3,FAIL
человек встречала,7.95,0.5,-0.92,4,SUCCESS
"предложение интересно, сигарет сигареты. нахуй. сарказмом. позволит",4.2,1.99,-4.84,-5,FAIL
"боль времени. слабой скалировать заметил, навещал какое-то",5.29,2.78,-3.3,-5,FAIL
компании классом сохранив ты?,7.45,0.73,-2.2,-5,FAIL
рассмеялась помните много. сильно мощный поражения,7.08,1.88,-2.63,-3,FAIL
"рассказ академию, определенно тело",7.34,0.21,-2.74,-5,FAIL
эмоций найдешь,6.87,0.64,-0.89,-3,FAIL
"всем сколько замолчали, поймал сделали, отперли",4.98,1.72,-3.66,-5,FAIL
"продолжал зажгли того объяснишься? сказать, счастлив",6.36,0.83,-3.93,-5,FAIL
"револьвер. сути,",7.35,-0.0,-1.48,-5,FAIL
души,7.62,0.47,-0.25,1,FAIL
времени частично грудь учесть узнал,7.13,1.37,-2.37,-3,FAIL
вопрос длины деревом. мешает хм.,4.81,1.34,-3.22,-5,FAIL
"познакомиться, очнется, засранец. одинока закинул девушка. задумавшись",5.49,0.71,-5.27,-5,FAIL
детства. попробовать позвольте каньон. вторым сильны. удручающее,5.95,1.74,-4.0,-5,FAIL
"пожалуй фантома, отлетела встретил видела,",5.39,1.15,-3.16,-4,FAIL
"ответил него, слух вам нервно задумалась",5.58,0.94,-4.14,-4,FAIL
"тупо взяв пустякам, умная",5.16,1.23,-2.29,-5,FAIL
"тысяч скрыт, здесь, сама мысли. очевидно. спрашивала?",6.34,1.36,-4.2,-5,FAIL
"возможно, осваивать сделал",6.87,0.87,-1.42,-3,FAIL
голосуешь? знакомым эта встать ген,4.16,1.26,-3.64,-4,FAIL
пошла приспособиться подобной делаешь? проснулся свергла были,6.82,1.59,-3.78,-3,FAIL
выполнять чувства порядковую меняется нужна садится пройдем,6.65,1.38,-4.05,-5,FAIL
знаем давно спрашивать,7.73,0.72,-1.44,-2,FAIL
"провоцируем хватало песню, марк, помножка",6.61,0.7,-3.19,-5,FAIL
"взгляды едете получить, допустить извиниться... лет,",6.32,1.34,-3.43,-5,FAIL
смещение,6.35,-0.88,-0.79,3,SUCCESS
выжил подбрасывало доносящийся привыкла,6.43,0.72,-2.44,-3,FAIL
поворачиваете дорогом глядя,6.95,0.69,-1.59,-4,FAIL
колоссальных поняла,7.79,0.49,-0.95,3,SUCCESS
"голосуешь? ной отпускает остановилось. легко,",4.0,0.56,-4.44,-5,FAIL
"ерунды, которые марк.",7.57,0.44,-1.74,-3,FAIL
натура да схватила,8.32,0.91,-1.17,2,SUCCESS
проснулся,5.91,0.55,-0.27,-3,FAIL
трудно напоминает открытый чистилища?,6.76,1.3,-1.78,-4,FAIL
"эмоций превращение увеличились,",6.49,0.79,-1.56,-4,FAIL
"той, щитки руки. уши происходит? одетую освободил",5.19,1.87,-4.28,-5,FAIL
заметки плана?,5.74,-0.04,-1.71,-4,FAIL
страшны пропускается спешл удержать,3.76,1.24,-2.89,-5,FAIL
когтей ничего души смейся,6.66,0.67,-2.43,-3,FAIL
буду классно бляяяяяять,7.05,1.11,-1.14,3,SUCCESS
чистилищу темно. знаем одетую поспешил,7.21,1.09,-2.63,1,FAIL
"похлопала перебарщиваешь место равно, двигаться попросила но,",6.66,1.36,-4.06,-5,FAIL
"ушла. воплощение амэ. нулю,",7.33,0.68,-2.27,-5,FAIL
"пепел, видит, сохранив ввиду? каких-либо",7.2,1.01,-2.71,-3,FAIL
ворота существа,8.22,0.08,-1.31,-4,FAIL
расположения говоришь погрузившись,5.46,1.03,-1.54,-3,FAIL
лучшая. презрительно дб.... крашнулся серьезным разной,6.53,1.44,-3.26,-4,FAIL
"пытался чувствую, вообще-то, мира появился",5.88,1.24,-2.89,-5,FAIL
"вами. приняли дб врасплох, спасти девушкой, ему.",6.26,1.58,-4.01,-3,FAIL
мной? обладает,7.28,0.3,-1.19,-5,FAIL
"но... 8475 ночь научился учимся метку,",7.03,1.24,-3.29,-5,FAIL
"смотрит. просьба, чистилища решила",6.2,1.84,-1.38,-4,FAIL
отлетела норм всем,7.49,0.95,-1.24,-3,FAIL
"сигарет ощущение выглядит, лишал глаз низкий существом",5.64,2.11,-3.79,-5,FAIL
означает давящей,3.2,0.84,-1.4,-4,FAIL
"совсем раньше. энергия. где ленивый понял,",5.79,1.45,-3.53,-4,FAIL
"безжалостно совсем, рассеялась",7.7,0.98,-1.18,-3,FAIL
"полностью ребенок элементарной вид,",6.12,1.87,-1.37,-4,FAIL
"вопросов. для вот говорил, ли? достать",6.35,0.75,-4.02,-5,FAIL
"общении имя, гестии послушай, серьезным. лет,",2.97,3.23,-3.73,-4,FAIL
"получилось, мной повысит новой",7.12,0.75,-2.25,-3,FAIL
"деньги, файле персонажей помнишь, шелохнулась выпроваживаю",7.06,2.03,-2.48,-3,FAIL
комнаты.,6.98,0.0,-0.76,3,SUCCESS
какой-либо просьбу медитировать важное занервничал,6.65,1.15,-2.73,-3,FAIL
1 раньше сказал турник слова,7.46,0.86,-2.8,-5,FAIL
"оказалась девушкой, чудовищно",7.83,-0.39,-2.54,-4,FAIL
меня.,8.13,-0.07,-0.77,1,FAIL
удивляться.,9.0,0.3,-0.37,3,SUCCESS
жалок. пидорас другим смущения.,7.73,1.21,-1.67,-5,FAIL
"объяснила подпрыгивая схожи, вернулся, ирэн. назад",6.34,0.97,-3.8,-4,FAIL
"ебанул пламени побежал указаны бизнес,",4.94,1.69,-2.81,-5,FAIL
"у академию, чисел надзиратель помнил вокруг стремлений.",2.52,4.02,-4.8,-5,FAIL
"гестии лекцию, поражения",7.89,1.04,-1.1,2,SUCCESS
"врачом. детским вздрогнули, напряжены?",6.12,1.17,-2.06,-5,FAIL
разрушенный реальный вдруг связалась колоссальная несокрушимая,6.96,2.15,-2.4,-3,FAIL
лицом движением остальное присутствие,6.23,1.18,-2.03,1,FAIL
"угрожает,",8.14,0.04,-0.67,1,FAIL
появился ощущение,7.31,0.54,-0.94,-3,FAIL
"стремлений. увидеть, получается, называть",7.75,1.22,-1.65,-5,FAIL
отрядов,8.54,0.35,-0.34,1,FAIL
"колоссальной несколько, лежать большее, разброс",7.4,0.72,-2.95,-5,FAIL
"рту, изнурительно, балансом зависит",6.91,1.33,-1.71,-4,FAIL
"важное существа. связалась изо тебя, создал",4.1,1.9,-4.02,-4,FAIL
"полагаться странное мыслить. покинуть думаешь... понимаю, имя?",6.28,2.29,-3.29,-1,FAIL
удара. предлагаешь? проснулся поражения думала рассказ понять.,5.78,1.95,-3.87,-5,FAIL
стресса. тысяч явно,7.28,0.67,-1.56,-3,FAIL
"давай, бой",6.38,0.59,-0.99,-3,FAIL
убедительной. сможет нанесла,7.64,0.01,-2.16,-5,FAIL
покинуть,8.78,0.2,-0.47,2,SUCCESS
"которая нем ебал позволяет вещи, спросить.",4.74,-1.03,-3.99,-2,FAIL
"другом лично отвлекаю знает, половину клинков успокоила.",5.88,1.91,-3.87,-5,FAIL
"первое хочешь почувствовал, назад. появилось разряжены",6.0,1.56,-3.34,-4,FAIL
подумав. колени. девушку,8.12,0.81,-1.3,-4,FAIL
"если обратился они месте, покидать",1.77,2.96,-4.55,-5,FAIL
"близость, разочарованный.",8.06,0.41,-1.0,4,SUCCESS
"грустное действительно мной? вот. импульс, купил",5.43,1.27,-3.88,-4,FAIL
свяжет,7.7,0.11,-0.61,5,SUCCESS
"мертв, мертв, груди? ирэн. тебя",7.0,0.51,-3.27,-5,FAIL
ля имя.,2.84,0.96,-1.42,-3,FAIL
нормальных давно довольно пламенем.,4.45,0.67,-3.12,-5,FAIL
крайней,8.78,0.21,-0.47,2,SUCCESS
порождением дальше? серьезная? норм чистилищную одну,6.23,0.71,-4.1,-5,FAIL
"спит, предпочел каких-либо марке.",6.15,1.25,-1.98,-5,FAIL
"спаси тогда, представителями свободен, пустым,",4.87,0.31,-4.22,-5,FAIL
нравлюсь. начнем черным,7.55,0.7,-1.48,-2,FAIL
"отсюда месяца казалось неизвестном слабой этом,",5.89,2.61,-2.33,-5,FAIL
"нрав, образовывались кста протягивая вырастет настроение",6.74,1.37,-3.25,-5,FAIL
небо.,8.8,-0.13,-0.81,1,FAIL
"несравнимо послушай, имеешь жизнь слышав",4.31,1.81,-3.01,-4,FAIL
"рода, бой более",7.82,0.22,-1.92,-5,FAIL
передала говори которую нарушителей,6.75,1.46,-1.62,-4,FAIL
ох. честен продал? услышать говном успев,5.13,1.82,-3.48,-5,FAIL
"найдешь спасибо, раз. скажешь, странный",6.44,1.33,-2.61,-3,FAIL
раздраженно пора воле.,7.72,0.61,-1.55,-5,FAIL
форма,8.96,0.25,-0.41,4,SUCCESS
навязывал,8.5,0.03,-0.65,1,FAIL
"интересно, поддерживать спрашиваете",6.83,0.33,-1.97,-5,FAIL
разность понимаешь,5.85,0.58,-1.07,-3,FAIL
мне? твоя,7.46,0.9,-0.57,-3,FAIL
повторите мешает,7.73,0.45,-0.99,4,SUCCESS
"когда, работу воскликнул найдем",7.7,0.82,-2.06,-5,FAIL
"время. согласна стойку,",7.79,0.75,-1.4,-4,FAIL
"ужасные решили большее, держа оружие прошлом повернулись,",6.61,2.57,-2.88,-3,FAIL
"неудивительно. нормальных пустоте, отставай.",6.83,1.26,-1.81,-3,FAIL
"похвально, города, идешь, обратился",6.64,1.2,-1.9,-3,FAIL
"воплощением тревогу, собираемся концентрироваться,",7.76,0.71,-2.16,-5,FAIL
"простите, открылась существующим человек выжить расширяется,",6.35,1.87,-2.9,1,FAIL
"изнурительно, голове. заставило охватывает остановились. энергия.",7.04,2.4,-2.12,-3,FAIL
"нанесла марку продолжать зашла рассказать продемонстрировала,",6.27,1.25,-3.54,-5,FAIL
первых точка критикуя провел,4.72,1.0,-2.68,3,SUCCESS
дырки лицом черные здании,7.13,0.93,-2.06,-3,FAIL
каждой соглашаешься огонек мало,7.57,1.13,-1.77,-4,FAIL
живой. пар. записываю балансом угрожаете сюда! бедолаг,6.36,1.31,-4.24,-5,FAIL
"хмурая существо, пытаюсь свой дубликат воспоминания?! вам.",6.55,1.99,-3.48,-1,FAIL
"подсознания, заменены, сражалась",6.97,0.42,-1.85,-3,FAIL
вплоть,8.52,0.24,-0.45,4,SUCCESS
существование. 48-й бы сигаретами?,7.9,0.43,-2.41,-5,FAIL
найдешь,8.06,0.24,-0.46,4,SUCCESS
начать пытался питается ведь классную,7.43,1.45,-2.22,-2,FAIL
концах ужасающий остальных. чувствителен возмущаешься.,6.44,1.62,-2.32,-3,FAIL
напоминает давно,8.36,0.86,-0.53,2,SUCCESS
"домой? метку, самые мерзости. результат",6.39,0.64,-3.32,-5,FAIL
"постапокалиптический прикрывая слушай, спрашиваешь конечно копии классом",6.92,1.43,-3.9,-5,FAIL
"аме,",8.82,0.17,-0.51,5,SUCCESS
"деньги, своей выжил ожить? вздохом.",7.29,1.44,-2.27,1,FAIL
"эй, руке. легче. улице детства. спокойным",4.82,1.66,-3.8,-5,FAIL
законы? принципу еще чрезвычайно,6.89,1.37,-1.68,-4,FAIL
произошла,8.47,0.34,-0.34,1,FAIL
"спасение, инструктаж ждать форма начала. силу",6.26,1.1,-3.69,-4,FAIL
пошел,8.69,0.15,-0.53,5,SUCCESS
"сильна,",8.96,0.22,-0.45,4,SUCCESS
особое колени. отказались,8.11,1.05,-1.05,2,SUCCESS
"нее зависит меня представления, отвратительное",5.0,1.57,-2.9,-5,FAIL
сократить каратель надзиратель защищать близких,3.39,2.38,-3.05,-4,FAIL
говори вашего т.е время,7.43,1.32,-1.61,-4,FAIL
осмысленней,4.89,0.41,-0.5,4,SUCCESS
"походу огонь, силы горит выживает какой",5.07,2.34,-2.99,-5,FAIL
тает. сохранив мое,7.9,0.93,-1.21,2,SUCCESS
"проснулся. заметки порядкую слышав нарушил оооо,",5.36,1.23,-3.95,-4,FAIL
"оке мире, смерть",6.26,0.72,-1.68,-4,FAIL
ужасные тонкими говоришь,8.19,1.19,-0.91,2,SUCCESS
"каким надзирателя навещать напрямую, убил",6.78,1.65,-2.19,-3,FAIL
территория таки,7.97,0.43,-0.98,4,SUCCESS
"бездне,",8.63,0.22,-0.46,2,SUCCESS
дима такая? новые,5.15,0.93,-1.71,-4,FAIL
"чувствую ту погасить бывали сказать,",6.65,1.5,-2.38,-3,FAIL
