ID,Слово,Длина,Количество слогов.,Слоги,Код Слогов,Код,X_Cord,Y_Cord,SF,Категория,Тип
1,ной,3,1,['ной'],"[[15, 16, 11]]","[15, 16, 11]",1.0,-1.0,Empty,1,NAME
2,очнулся,7,3,"['оч', 'нул', 'ся']","[[16, 25], [15, 21, 13], [19, 33]]","[16, 25, 15, 21, 13, 19, 33]",1.0,-1.0,Empty,1,VERB
3,посреди,7,3,"['пос', 'ре', 'ди']","[[17, 16, 19], [18, 6], [5, 10]]","[17, 16, 19, 18, 6, 5, 10]",1.0,-1.0,Empty,1,STATE
4,леса,4,2,"['ле', 'са']","[[13, 6], [19, 1]]","[13, 6, 19, 1]",1.0,-1.0,Empty,1,NOUN
5,не,2,1,['не'],"[[15, 6]]","[15, 6]",1.0,-1.0,Empty,1,PTICK
6,как,3,1,['как'],"[[12, 1, 12]]","[12, 1, 12]",1.0,-1.0,Empty,1,UNION
7,только,6,2,"['толь', 'ко']","[[20, 16, 13, 30], [12, 16]]","[20, 16, 13, 30, 12, 16]",1.0,-1.0,Empty,1,UNION
9,коснулся,8,3,"['кос', 'нул', 'ся']","[[12, 16, 19], [15, 21, 13], [19, 33]]","[12, 16, 19, 15, 21, 13, 19, 33]",1.0,-1.0,Empty,1,VERB
10,мотоцикла,9,4,"['мо', 'то', 'цик', 'ла']","[[14, 16], [20, 16], [24, 10, 12], [13, 1]]","[14, 16, 20, 16, 24, 10, 12, 13, 1]",1.0,-1.0,Empty,1,NOUN
11,в,1,1,['в'],[[3]],[3],1.0,-1.0,Empty,1,PREPOS
12,его,3,2,"['е', 'го']","[[6], [4, 16]]","[6, 4, 16]",1.0,-1.0,Empty,1,NOMIN
13,левом,5,2,"['ле', 'вом']","[[13, 6], [3, 16, 14]]","[13, 6, 3, 16, 14]",1.0,-1.0,Empty,1,NOUN
14,глазу,5,2,"['гла', 'зу']","[[4, 13, 1], [9, 21]]","[4, 13, 1, 9, 21]",1.0,-1.0,Empty,1,NOUN
15,зажглось,8,2,"['зажг', 'лось']","[[9, 1, 8, 4], [13, 16, 19, 30]]","[9, 1, 8, 4, 13, 16, 19, 30]",1.0,-1.0,Empty,1,VERB
16,сиреневое,9,5,"['си', 'ре', 'не', 'во', 'е']","[[19, 10], [18, 6], [15, 6], [3, 16], [6]]","[19, 10, 18, 6, 15, 6, 3, 16, 6]",1.0,-1.0,Empty,1,ADJECTIVE
17,пламя,5,2,"['пла', 'мя']","[[17, 13, 1], [14, 33]]","[17, 13, 1, 14, 33]",1.0,-1.0,Empty,1,NOUN
18,эмоций,6,3,"['э', 'мо', 'ций']","[[31], [14, 16], [24, 10, 11]]","[31, 14, 16, 24, 10, 11]",1.0,-1.0,Empty,1,NOUN
19,жгучее,6,3,"['жгу', 'че', 'е']","[[8, 4, 21], [25, 6], [6]]","[8, 4, 21, 25, 6, 6]",1.0,-1.0,Empty,1,ADJECTIVE
20,чувство,7,2,"['чувст', 'во']","[[25, 21, 3, 19, 20], [3, 16]]","[25, 21, 3, 19, 20, 3, 16]",1.0,-1.0,Empty,1,NOUN
21,и,1,1,['и'],[[10]],[10],1.0,-1.0,Empty,1,UNION
22,грустное,8,3,"['груст', 'но', 'е']","[[4, 18, 21, 19, 20], [15, 16], [6]]","[4, 18, 21, 19, 20, 15, 16, 6]",1.0,-1.0,Empty,1,ADJECTIVE
23,настроение,10,5,"['наст', 'ро', 'е', 'ни', 'е']","[[15, 1, 19, 20], [18, 16], [6], [15, 10], [6]]","[15, 1, 19, 20, 18, 16, 6, 15, 10, 6]",1.0,-1.0,Empty,1,NOUN
24,ноя,3,2,"['но', 'я']","[[15, 16], [33]]","[15, 16, 33]",1.0,-1.0,Empty,1,NAME
25,испарились,10,4,"['ис', 'па', 'ри', 'лись']","[[10, 19], [17, 1], [18, 10], [13, 10, 19, 30]]","[10, 19, 17, 1, 18, 10, 13, 10, 19, 30]",1.0,-1.0,Empty,1,VERB
26,он,2,1,['он'],"[[16, 15]]","[16, 15]",1.0,-1.0,Empty,1,NOMIN
27,завел,5,2,"['за', 'вел']","[[9, 1], [3, 6, 13]]","[9, 1, 3, 6, 13]",1.0,-1.0,Empty,1,VERB
28,мотоцикл,8,3,"['мо', 'то', 'цикл']","[[14, 16], [20, 16], [24, 10, 12, 13]]","[14, 16, 20, 16, 24, 10, 12, 13]",1.0,-1.0,Empty,1,NOUN
30,ну,2,1,['ну'],"[[15, 21]]","[15, 21]",1.0,-1.0,Empty,1,INTER
31,ты,2,1,['ты'],"[[20, 29]]","[20, 29]",1.0,-1.0,Empty,1,NOMIN
32,должен,6,2,"['дол', 'жен']","[[5, 16, 13], [8, 6, 15]]","[5, 16, 13, 8, 6, 15]",1.0,-1.0,Empty,1,ADJECTIVE
33,войти,5,2,"['вой', 'ти']","[[3, 16, 11], [20, 10]]","[3, 16, 11, 20, 10]",1.0,-1.0,Empty,1,VERB
35,свое,4,2,"['сво', 'е']","[[19, 3, 16], [6]]","[19, 3, 16, 6]",1.0,-1.0,Empty,1,NOMIN
36,подсознание,11,5,"['под', 'соз', 'на', 'ни', 'е']","[[17, 16, 5], [19, 16, 9], [15, 1], [15, 10], [6]]","[17, 16, 5, 19, 16, 9, 15, 1, 15, 10, 6]",1.0,-1.0,Empty,1,NOUN
37,держа,5,2,"['дер', 'жа']","[[5, 6, 18], [8, 1]]","[5, 6, 18, 8, 1]",1.0,-1.0,Empty,1,DEPRICH
39,голове,6,3,"['го', 'ло', 'ве']","[[4, 16], [13, 16], [3, 6]]","[4, 16, 13, 16, 3, 6]",1.0,-1.0,Empty,1,NOUN
40,примерный,9,3,"['при', 'мер', 'ный']","[[17, 18, 10], [14, 6, 18], [15, 29, 11]]","[17, 18, 10, 14, 6, 18, 15, 29, 11]",1.0,-1.0,Empty,1,ADJECTIVE
41,образ,5,2,"['об', 'раз']","[[16, 2], [18, 1, 9]]","[16, 2, 18, 1, 9]",1.0,-1.0,Empty,1,NOUN
42,оружия,6,4,"['о', 'ру', 'жи', 'я']","[[16], [18, 21], [8, 10], [33]]","[16, 18, 21, 8, 10, 33]",1.0,-1.0,Empty,1,NOUN
43,которое,7,4,"['ко', 'то', 'ро', 'е']","[[12, 16], [20, 16], [18, 16], [6]]","[12, 16, 20, 16, 18, 16, 6]",1.0,-1.0,Empty,1,NOMIN
44,хочешь,6,2,"['хо', 'чешь']","[[23, 16], [25, 6, 26, 30]]","[23, 16, 25, 6, 26, 30]",1.0,-1.0,Empty,1,VERB
45,получить,8,3,"['по', 'лу', 'чить']","[[17, 16], [13, 21], [25, 10, 20, 30]]","[17, 16, 13, 21, 25, 10, 20, 30]",1.0,-1.0,Empty,1,VERB
47,тогда,5,2,"['тог', 'да']","[[20, 16, 4], [5, 1]]","[20, 16, 4, 5, 1]",1.0,-1.0,Empty,1,STATE
48,если,4,2,"['ес', 'ли']","[[6, 19], [13, 10]]","[6, 19, 13, 10]",1.0,-1.0,Empty,1,UNION
50,все,3,1,['все'],"[[3, 19, 6]]","[3, 19, 6]",1.0,-1.0,Empty,1,STATE
51,сделал,6,2,"['сде', 'лал']","[[19, 5, 6], [13, 1, 13]]","[19, 5, 6, 13, 1, 13]",1.0,-1.0,Empty,1,VERB
52,правильно,9,3,"['пра', 'виль', 'но']","[[17, 18, 1], [3, 10, 13, 30], [15, 16]]","[17, 18, 1, 3, 10, 13, 30, 15, 16]",1.0,-1.0,Empty,1,STATE
54,увидишь,7,3,"['у', 'ви', 'дишь']","[[21], [3, 10], [5, 10, 26, 30]]","[21, 3, 10, 5, 10, 26, 30]",1.0,-1.0,Empty,1,VERB
55,сущность,8,2,"['сущ', 'ность']","[[19, 21, 27], [15, 16, 19, 20, 30]]","[19, 21, 27, 15, 16, 19, 20, 30]",1.0,-1.0,Empty,1,NOUN
56,которая,7,4,"['ко', 'то', 'ра', 'я']","[[12, 16], [20, 16], [18, 1], [33]]","[12, 16, 20, 16, 18, 1, 33]",1.0,-1.0,Empty,1,NOMIN
57,будет,5,2,"['бу', 'дет']","[[2, 21], [5, 6, 20]]","[2, 21, 5, 6, 20]",1.0,-1.0,Empty,1,VERB
58,волей,5,2,"['во', 'лей']","[[3, 16], [13, 6, 11]]","[3, 16, 13, 6, 11]",1.0,-1.0,Empty,1,STATE
59,твоего,6,3,"['тво', 'е', 'го']","[[20, 3, 16], [6], [4, 16]]","[20, 3, 16, 6, 4, 16]",1.0,-1.0,Empty,1,NOMIN
60,оружия-души,11,7,"['о', 'ру', 'жи', 'я', '-', 'ду', 'ши']","[[16], [18, 21], [8, 10], [33], [65], [5, 21], [26, 10]]","[16, 18, 21, 8, 10, 33, 5, 21, 26, 10]",1.0,-1.0,Empty,1,NOUN
62,она,3,2,"['о', 'на']","[[16], [15, 1]]","[16, 15, 1]",1.0,-1.0,Empty,1,NOMIN
64,тебя,4,2,"['те', 'бя']","[[20, 6], [2, 33]]","[20, 6, 2, 33]",1.0,-1.0,Empty,1,NOMIN
65,допрашивать,11,4,"['доп', 'ра', 'ши', 'вать']","[[5, 16, 17], [18, 1], [26, 10], [3, 1, 20, 30]]","[5, 16, 17, 18, 1, 26, 10, 3, 1, 20, 30]",1.0,-1.0,Empty,1,VERB
67,твоя,4,2,"['тво', 'я']","[[20, 3, 16], [33]]","[20, 3, 16, 33]",1.0,-1.0,Empty,1,NOMIN
68,натура,6,3,"['на', 'ту', 'ра']","[[15, 1], [20, 21], [18, 1]]","[15, 1, 20, 21, 18, 1]",1.0,-1.0,Empty,1,NOUN
69,ей,2,1,['ей'],"[[6, 11]]","[6, 11]",1.0,-1.0,Empty,1,NOMIN
70,подходит,8,3,"['под', 'хо', 'дит']","[[17, 16, 5], [23, 16], [5, 10, 20]]","[17, 16, 5, 23, 16, 5, 10, 20]",1.0,-1.0,Empty,1,VERB
72,позволит,8,3,"['поз', 'во', 'лит']","[[17, 16, 9], [3, 16], [13, 10, 20]]","[17, 16, 9, 3, 16, 13, 10, 20]",1.0,-1.0,Empty,1,VERB
73,тебе,4,2,"['те', 'бе']","[[20, 6], [2, 6]]","[20, 6, 2, 6]",1.0,-1.0,Empty,1,NOMIN
74,заключить,9,3,"['зак', 'лю', 'чить']","[[9, 1, 12], [13, 32], [25, 10, 20, 30]]","[9, 1, 12, 13, 32, 25, 10, 20, 30]",1.0,-1.0,Empty,1,VERB
75,контракт,8,2,"['конт', 'ракт']","[[12, 16, 15, 20], [18, 1, 12, 20]]","[12, 16, 15, 20, 18, 1, 12, 20]",1.0,-1.0,Empty,1,NOUN
76,а,1,1,['а'],[[1]],[1],1.0,-1.0,Empty,1,UNION
78,вы,2,1,['вы'],"[[3, 29]]","[3, 29]",1.0,-1.0,Empty,1,NOMIN
79,вдруг,5,1,['вдруг'],"[[3, 5, 18, 21, 4]]","[3, 5, 18, 21, 4]",1.0,-1.0,Empty,1,STATE
80,разозлите,9,4,"['ра', 'зоз', 'ли', 'те']","[[18, 1], [9, 16, 9], [13, 10], [20, 6]]","[18, 1, 9, 16, 9, 13, 10, 20, 6]",1.0,-1.0,Empty,1,VERB
82,думаю,5,3,"['ду', 'ма', 'ю']","[[5, 21], [14, 1], [32]]","[5, 21, 14, 1, 32]",1.0,-1.0,Empty,1,VERB
83,мне,3,1,['мне'],"[[14, 15, 6]]","[14, 15, 6]",1.0,-1.0,Empty,1,NOMIN
85,стоит,5,2,"['сто', 'ит']","[[19, 20, 16], [10, 20]]","[19, 20, 16, 10, 20]",1.0,-1.0,Empty,1,VERB
86,об,2,1,['об'],"[[16, 2]]","[16, 2]",1.0,-1.0,Empty,1,PREPOS
87,этом,4,2,"['э', 'том']","[[31], [20, 16, 14]]","[31, 20, 16, 14]",1.0,-1.0,Empty,1,NOMIN
88,говорить,8,3,"['го', 'во', 'рить']","[[4, 16], [3, 16], [18, 10, 20, 30]]","[4, 16, 3, 16, 18, 10, 20, 30]",1.0,-1.0,Empty,1,VERB
89,расскажи,8,3,"['расс', 'ка', 'жи']","[[18, 1, 19, 19], [12, 1], [8, 10]]","[18, 1, 19, 19, 12, 1, 8, 10]",1.0,-1.0,Empty,1,VERB
90,нервно,6,2,"['нерв', 'но']","[[15, 6, 18, 3], [15, 16]]","[15, 6, 18, 3, 15, 16]",1.0,-1.0,Empty,1,STATE
91,попросила,9,4,"['поп', 'ро', 'си', 'ла']","[[17, 16, 17], [18, 16], [19, 10], [13, 1]]","[17, 16, 17, 18, 16, 19, 10, 13, 1]",1.0,-1.0,Empty,1,VERB
95,общем,5,2,"['об', 'щем']","[[16, 2], [27, 6, 14]]","[16, 2, 27, 6, 14]",1.0,-1.0,Empty,1,STATE
96,такие,5,3,"['та', 'ки', 'е']","[[20, 1], [12, 10], [6]]","[20, 1, 12, 10, 6]",1.0,-1.0,Empty,1,NOMIN
97,поражения,9,5,"['по', 'ра', 'же', 'ни', 'я']","[[17, 16], [18, 1], [8, 6], [15, 10], [33]]","[17, 16, 18, 1, 8, 6, 15, 10, 33]",1.0,-1.0,Empty,1,NOUN
98,обычно,6,3,"['о', 'быч', 'но']","[[16], [2, 29, 25], [15, 16]]","[16, 2, 29, 25, 15, 16]",1.0,-1.0,Empty,1,STATE
99,ранят,5,2,"['ра', 'нят']","[[18, 1], [15, 33, 20]]","[18, 1, 15, 33, 20]",1.0,-1.0,Empty,1,VERB
100,душу,4,2,"['ду', 'шу']","[[5, 21], [26, 21]]","[5, 21, 26, 21]",1.0,-1.0,Empty,1,NOUN
102,потом,5,2,"['по', 'том']","[[17, 16], [20, 16, 14]]","[17, 16, 20, 16, 14]",1.0,-1.0,Empty,1,STATE
104,несколько,9,3,"['нес', 'коль', 'ко']","[[15, 6, 19], [12, 16, 13, 30], [12, 16]]","[15, 6, 19, 12, 16, 13, 30, 12, 16]",1.0,-1.0,Empty,1,STATE
105,дней,4,1,['дней'],"[[5, 15, 6, 11]]","[5, 15, 6, 11]",1.0,-1.0,Empty,1,NOUN
106,лежишь,6,2,"['ле', 'жишь']","[[13, 6], [8, 10, 26, 30]]","[13, 6, 8, 10, 26, 30]",1.0,-1.0,Empty,1,VERB
107,чувствуя,8,3,"['чувст', 'ву', 'я']","[[25, 21, 3, 19, 20], [3, 21], [33]]","[25, 21, 3, 19, 20, 3, 21, 33]",1.0,-1.0,Empty,1,DEPRICH
108,агонию,6,4,"['а', 'го', 'ни', 'ю']","[[1], [4, 16], [15, 10], [32]]","[1, 4, 16, 15, 10, 32]",1.0,-1.0,Empty,1,NOUN
109,пока,4,2,"['по', 'ка']","[[17, 16], [12, 1]]","[17, 16, 12, 1]",1.0,-1.0,Empty,1,STATE
110,душа,4,2,"['ду', 'ша']","[[5, 21], [26, 1]]","[5, 21, 26, 1]",1.0,-1.0,Empty,1,NOUN
112,восстановится,13,5,"['восс', 'та', 'но', 'вит', 'ся']","[[3, 16, 19, 19], [20, 1], [15, 16], [3, 10, 20], [19, 33]]","[3, 16, 19, 19, 20, 1, 15, 16, 3, 10, 20, 19, 33]",1.0,-1.0,Empty,1,VERB
113,но,2,1,['но'],"[[15, 16]]","[15, 16]",1.0,-1.0,Empty,1,UNION
114,это,3,2,"['э', 'то']","[[31], [20, 16]]","[31, 20, 16]",1.0,-1.0,Empty,1,PTICK
115,зависит,7,3,"['за', 'ви', 'сит']","[[9, 1], [3, 10], [19, 10, 20]]","[9, 1, 3, 10, 19, 10, 20]",1.0,-1.0,Empty,1,VERB
116,от,2,1,['от'],"[[16, 20]]","[16, 20]",1.0,-1.0,Empty,1,PREPOS
117,понимая,7,4,"['по', 'ни', 'ма', 'я']","[[17, 16], [15, 10], [14, 1], [33]]","[17, 16, 15, 10, 14, 1, 33]",1.0,-1.0,Empty,1,DEPRICH
124,кто,3,1,['кто'],"[[12, 20, 16]]","[12, 20, 16]",1.0,-1.0,Empty,1,NOMIN
127,что,3,1,['что'],"[[25, 20, 16]]","[25, 20, 16]",1.0,-1.0,Empty,1,UNION
128,произошло,9,4,"['про', 'и', 'зош', 'ло']","[[17, 18, 16], [10], [9, 16, 26], [13, 16]]","[17, 18, 16, 10, 9, 16, 26, 13, 16]",1.0,-1.0,Empty,1,VERB
130,помнит,6,2,"['пом', 'нит']","[[17, 16, 14], [15, 10, 20]]","[17, 16, 14, 15, 10, 20]",1.0,-1.0,Empty,1,VERB
133,имя,3,2,"['и', 'мя']","[[10], [14, 33]]","[10, 14, 33]",1.0,-1.0,Empty,1,NOUN
137,знает,5,2,"['зна', 'ет']","[[9, 15, 1], [6, 20]]","[9, 15, 1, 6, 20]",1.0,-1.0,Empty,1,VERB
138,где,3,1,['где'],"[[4, 5, 6]]","[4, 5, 6]",1.0,-1.0,Empty,1,STATE
140,находится,9,4,"['на', 'хо', 'дит', 'ся']","[[15, 1], [23, 16], [5, 10, 20], [19, 33]]","[15, 1, 23, 16, 5, 10, 20, 19, 33]",1.0,-1.0,Empty,1,VERB
143,туда,4,2,"['ту', 'да']","[[20, 21], [5, 1]]","[20, 21, 5, 1]",1.0,-1.0,Empty,1,STATE
144,попал,5,2,"['по', 'пал']","[[17, 16], [17, 1, 13]]","[17, 16, 17, 1, 13]",1.0,-1.0,Empty,1,VERB
146,почему,6,3,"['по', 'че', 'му']","[[17, 16], [25, 6], [14, 21]]","[17, 16, 25, 6, 14, 21]",1.0,-1.0,Empty,1,STATE
147,рядом,5,2,"['ря', 'дом']","[[18, 33], [5, 16, 14]]","[18, 33, 5, 16, 14]",1.0,-1.0,Empty,1,STATE
148,с,1,1,['с'],[[19]],[19],1.0,-1.0,Empty,1,PREPOS
149,ним,3,1,['ним'],"[[15, 10, 14]]","[15, 10, 14]",1.0,-1.0,Empty,1,NOMIN
150,был,3,1,['был'],"[[2, 29, 13]]","[2, 29, 13]",1.0,-1.0,Empty,1,VERB
151,парень,6,2,"['па', 'рень']","[[17, 1], [18, 6, 15, 30]]","[17, 1, 18, 6, 15, 30]",1.0,-1.0,Empty,1,NOUN
153,посохом,7,3,"['по', 'со', 'хом']","[[17, 16], [19, 16], [23, 16, 14]]","[17, 16, 19, 16, 23, 16, 14]",1.0,-1.0,Empty,1,NOUN
155,руке,4,2,"['ру', 'ке']","[[18, 21], [12, 6]]","[18, 21, 12, 6]",1.0,-1.0,Empty,1,NOUN
158,странных,8,2,"['стран', 'ных']","[[19, 20, 18, 1, 15], [15, 29, 23]]","[19, 20, 18, 1, 15, 15, 29, 23]",1.0,-1.0,Empty,1,ADJECTIVE
159,сапогах,7,3,"['са', 'по', 'гах']","[[19, 1], [17, 16], [4, 1, 23]]","[19, 1, 17, 16, 4, 1, 23]",1.0,-1.0,Empty,1,NOUN
160,который,7,3,"['ко', 'то', 'рый']","[[12, 16], [20, 16], [18, 29, 11]]","[12, 16, 20, 16, 18, 29, 11]",1.0,-1.0,Empty,1,NOMIN
161,тоже,4,2,"['то', 'же']","[[20, 16], [8, 6]]","[20, 16, 8, 6]",1.0,-1.0,Empty,1,STATE
162,ничего,6,3,"['ни', 'че', 'го']","[[15, 10], [25, 6], [4, 16]]","[15, 10, 25, 6, 4, 16]",1.0,-1.0,Empty,1,STATE
164,помнил,6,2,"['пом', 'нил']","[[17, 16, 14], [15, 10, 13]]","[17, 16, 14, 15, 10, 13]",1.0,-1.0,Empty,1,VERB
165,о,1,1,['о'],[[16]],[16],1.0,-1.0,Empty,1,INTER
166,своем,5,2,"['сво', 'ем']","[[19, 3, 16], [6, 14]]","[19, 3, 16, 6, 14]",1.0,-1.0,Empty,1,NOMIN
167,прошлом,7,2,"['прош', 'лом']","[[17, 18, 16, 26], [13, 16, 14]]","[17, 18, 16, 26, 13, 16, 14]",1.0,-1.0,Empty,1,ADJECTIVE
257,того,4,2,"['то', 'го']","[[20, 16], [4, 16]]","[20, 16, 4, 16]",1.0,-1.0,Empty,1,NOMIN
258,насколько,9,3,"['нас', 'коль', 'ко']","[[15, 1, 19], [12, 16, 13, 30], [12, 16]]","[15, 1, 19, 12, 16, 13, 30, 12, 16]",1.0,-1.0,Empty,1,STATE
259,сильная,7,3,"['силь', 'на', 'я']","[[19, 10, 13, 30], [15, 1], [33]]","[19, 10, 13, 30, 15, 1, 33]",1.0,-1.0,Empty,1,ADJECTIVE
260,воля,4,2,"['во', 'ля']","[[3, 16], [13, 33]]","[3, 16, 13, 33]",1.0,-1.0,Empty,1,NOUN
262,души,4,2,"['ду', 'ши']","[[5, 21], [26, 10]]","[5, 21, 26, 10]",1.0,-1.0,Empty,1,NOUN
263,вошла,5,2,"['вош', 'ла']","[[3, 16, 26], [13, 1]]","[3, 16, 26, 13, 1]",1.0,-1.0,Empty,1,VERB
265,тобой,5,2,"['то', 'бой']","[[20, 16], [2, 16, 11]]","[20, 16, 2, 16, 11]",1.0,-1.0,Empty,1,NOMIN
267,контакт,7,2,"['кон', 'такт']","[[12, 16, 15], [20, 1, 12, 20]]","[12, 16, 15, 20, 1, 12, 20]",1.0,-1.0,Empty,1,NOUN
268,бывали,6,3,"['бы', 'ва', 'ли']","[[2, 29], [3, 1], [13, 10]]","[2, 29, 3, 1, 13, 10]",1.0,-1.0,Empty,1,VERB
269,случаи,6,3,"['слу', 'ча', 'и']","[[19, 13, 21], [25, 1], [10]]","[19, 13, 21, 25, 1, 10]",1.0,-1.0,Empty,1,NOUN
270,полного,7,3,"['пол', 'но', 'го']","[[17, 16, 13], [15, 16], [4, 16]]","[17, 16, 13, 15, 16, 4, 16]",1.0,-1.0,Empty,1,ADJECTIVE
271,уничтожения,11,6,"['у', 'нич', 'то', 'же', 'ни', 'я']","[[21], [15, 10, 25], [20, 16], [8, 6], [15, 10], [33]]","[21, 15, 10, 25, 20, 16, 8, 6, 15, 10, 33]",1.0,-1.0,Empty,1,NOUN
275,",",1,1,"[',']",[[60]],[60],1.0,-1.0,Empty,1,PUNCTATION
312,-,1,1,['-'],[[65]],[65],1.0,-1.0,Empty,1,SYMBOL
357,привет,6,2,"['при', 'вет']","[[17, 18, 10], [3, 6, 20]]","[17, 18, 10, 3, 6, 20]",1.0,-1.0,Empty,1,NOUN
358,я,1,1,['я'],[[33]],[33],1.0,-1.0,Empty,1,NOMIN
359,твой,4,1,['твой'],"[[20, 3, 16, 11]]","[20, 3, 16, 11]",1.0,-1.0,Empty,1,NOMIN
360,новый,5,2,"['но', 'вый']","[[15, 16], [3, 29, 11]]","[15, 16, 3, 29, 11]",1.0,-1.0,Empty,1,ADJECTIVE
361,спутник,7,2,"['спут', 'ник']","[[19, 17, 21, 20], [15, 10, 12]]","[19, 17, 21, 20, 15, 10, 12]",1.0,-1.0,Empty,1,NOUN
363,демонид,7,3,"['де', 'мо', 'нид']","[[5, 6], [14, 16], [15, 10, 5]]","[5, 6, 14, 16, 15, 10, 5]",1.0,-1.0,Empty,1,NOUN
364,меня,4,2,"['ме', 'ня']","[[14, 6], [15, 33]]","[14, 6, 15, 33]",1.0,-1.0,Empty,1,NOMIN
365,зовут,5,2,"['зо', 'вут']","[[9, 16], [3, 21, 20]]","[9, 16, 3, 21, 20]",1.0,-1.0,Empty,1,VERB
366,ирен,4,2,"['и', 'рен']","[[10], [18, 6, 15]]","[10, 18, 6, 15]",1.0,-1.0,Empty,1,NAME
368,продемонстрировала,18,7,"['про', 'де', 'монст', 'ри', 'ро', 'ва', 'ла']","[[17, 18, 16], [5, 6], [14, 16, 15, 19, 20], [18, 10], [18, 16], [3, 1], [13, 1]]","[17, 18, 16, 5, 6, 14, 16, 15, 19, 20, 18, 10, 18, 16, 3, 1, 13, 1]",1.0,-1.0,Empty,1,VERB
371,ее,2,2,"['е', 'е']","[[6], [6]]","[6, 6]",1.0,-1.0,Empty,1,NOMIN
372,руках,5,2,"['ру', 'ках']","[[18, 21], [12, 1, 23]]","[18, 21, 12, 1, 23]",1.0,-1.0,Empty,1,NOUN
373,материализовалась,17,8,"['ма', 'те', 'ри', 'а', 'ли', 'зо', 'ва', 'лась']","[[14, 1], [20, 6], [18, 10], [1], [13, 10], [9, 16], [3, 1], [13, 1, 19, 30]]","[14, 1, 20, 6, 18, 10, 1, 13, 10, 9, 16, 3, 1, 13, 1, 19, 30]",1.0,-1.0,Empty,1,VERB
375,сигарета,8,4,"['си', 'га', 'ре', 'та']","[[19, 10], [4, 1], [18, 6], [20, 1]]","[19, 10, 4, 1, 18, 6, 20, 1]",1.0,-1.0,Empty,1,NOUN
376,которую,7,4,"['ко', 'то', 'ру', 'ю']","[[12, 16], [20, 16], [18, 21], [32]]","[12, 16, 20, 16, 18, 21, 32]",1.0,-1.0,Empty,1,NOMIN
378,передала,8,4,"['пе', 'ре', 'да', 'ла']","[[17, 6], [18, 6], [5, 1], [13, 1]]","[17, 6, 18, 6, 5, 1, 13, 1]",1.0,-1.0,Empty,1,VERB
380,говори,6,3,"['го', 'во', 'ри']","[[4, 16], [3, 16], [18, 10]]","[4, 16, 3, 16, 18, 10]",1.0,-1.0,Empty,1,VERB
382,ерунды,6,3,"['е', 'рун', 'ды']","[[6], [18, 21, 15], [5, 29]]","[6, 18, 21, 15, 5, 29]",1.0,-1.0,Empty,1,NOUN
383,арк,3,1,['арк'],"[[1, 18, 12]]","[1, 18, 12]",1.0,-1.0,Empty,1,NAME
385,умер,4,2,"['у', 'мер']","[[21], [14, 6, 18]]","[21, 14, 6, 18]",1.0,-1.0,Empty,1,VERB
388,какой-то,8,4,"['ка', 'кой', '-', 'то']","[[12, 1], [12, 16, 11], [65], [20, 16]]","[12, 1, 12, 16, 11, 20, 16]",1.0,-1.0,Empty,1,STATE
389,дырки,5,2,"['дыр', 'ки']","[[5, 29, 18], [12, 10]]","[5, 29, 18, 12, 10]",1.0,-1.0,Empty,1,NOUN
393,было,4,2,"['бы', 'ло']","[[2, 29], [13, 16]]","[2, 29, 13, 16]",1.0,-1.0,Empty,1,VERB
394,колоссальная,12,5,"['ко', 'лос', 'саль', 'на', 'я']","[[12, 16], [13, 16, 19], [19, 1, 13, 30], [15, 1], [33]]","[12, 16, 13, 16, 19, 19, 1, 13, 30, 15, 1, 33]",1.0,-1.0,Empty,1,ADJECTIVE
397,большую,7,3,"['боль', 'шу', 'ю']","[[2, 16, 13, 30], [26, 21], [32]]","[2, 16, 13, 30, 26, 21, 32]",1.0,-1.0,Empty,1,ADJECTIVE
398,часть,5,1,['часть'],"[[25, 1, 19, 20, 30]]","[25, 1, 19, 20, 30]",1.0,-1.0,Empty,1,NOUN
400,времени,7,3,"['вре', 'ме', 'ни']","[[3, 18, 6], [14, 6], [15, 10]]","[3, 18, 6, 14, 6, 15, 10]",1.0,-1.0,Empty,1,VERB
403,провел,6,2,"['про', 'вел']","[[17, 18, 16], [3, 6, 13]]","[17, 18, 16, 3, 6, 13]",1.0,-1.0,Empty,1,VERB
405,здесь,5,1,['здесь'],"[[9, 5, 6, 19, 30]]","[9, 5, 6, 19, 30]",1.0,-1.0,Empty,1,STATE
406,будучи,6,3,"['бу', 'ду', 'чи']","[[2, 21], [5, 21], [25, 10]]","[2, 21, 5, 21, 25, 10]",1.0,-1.0,Empty,1,DEPRICH
407,без,3,1,['без'],"[[2, 6, 9]]","[2, 6, 9]",1.0,-1.0,Empty,1,PREPOS
409,сознания,8,4,"['соз', 'на', 'ни', 'я']","[[19, 16, 9], [15, 1], [15, 10], [33]]","[19, 16, 9, 15, 1, 15, 10, 33]",1.0,-1.0,Empty,1,NOUN
411,сразу,5,2,"['сра', 'зу']","[[19, 18, 1], [9, 21]]","[19, 18, 1, 9, 21]",1.0,-1.0,Empty,1,STATE
413,почувствовала,13,5,"['по', 'чувст', 'во', 'ва', 'ла']","[[17, 16], [25, 21, 3, 19, 20], [3, 16], [3, 1], [13, 1]]","[17, 16, 25, 21, 3, 19, 20, 3, 16, 3, 1, 13, 1]",1.0,-1.0,Empty,1,VERB
417,чистилище,9,4,"['чис', 'ти', 'ли', 'ще']","[[25, 10, 19], [20, 10], [13, 10], [27, 6]]","[25, 10, 19, 20, 10, 13, 10, 27, 6]",1.0,-1.0,Empty,1,NOUN
418,появилась,9,4,"['по', 'я', 'ви', 'лась']","[[17, 16], [33], [3, 10], [13, 1, 19, 30]]","[17, 16, 33, 3, 10, 13, 1, 19, 30]",1.0,-1.0,Empty,1,VERB
419,новая,5,3,"['но', 'ва', 'я']","[[15, 16], [3, 1], [33]]","[15, 16, 3, 1, 33]",1.0,-1.0,Empty,1,ADJECTIVE
421,жизнь,5,1,['жизнь'],"[[8, 10, 9, 15, 30]]","[8, 10, 9, 15, 30]",1.0,-1.0,Empty,1,NOUN
423,после,5,2,"['пос', 'ле']","[[17, 16, 19], [13, 6]]","[17, 16, 19, 13, 6]",1.0,-1.0,Empty,1,STATE
424,7541,4,4,"['7', '5', '4', '1']","[[92], [90], [89], [86]]","[92, 90, 89, 86]",1.0,-1.0,Empty,1,NUM
425,года,4,2,"['го', 'да']","[[4, 16], [5, 1]]","[4, 16, 5, 1]",1.0,-1.0,Empty,1,NOUN
428,наконец-то,10,6,"['на', 'ко', 'н', 'ец', '-', 'то']","[[15, 1], [12, 16], [15], [6, 24], [65], [20, 16]]","[15, 1, 12, 16, 15, 6, 24, 20, 16]",1.0,-1.0,Empty,1,STATE
429,встретила,9,3,"['встре', 'ти', 'ла']","[[3, 19, 20, 18, 6], [20, 10], [13, 1]]","[3, 19, 20, 18, 6, 20, 10, 13, 1]",1.0,-1.0,Empty,1,VERB
432,так,3,1,['так'],"[[20, 1, 12]]","[20, 1, 12]",1.0,-1.0,Empty,1,UNION
435,прошла,6,2,"['прош', 'ла']","[[17, 18, 16, 26], [13, 1]]","[17, 18, 16, 26, 13, 1]",1.0,-1.0,Empty,1,VERB
438,по,2,1,['по'],"[[17, 16]]","[17, 16]",1.0,-1.0,Empty,1,PREPOS
439,чистилищу,9,4,"['чис', 'ти', 'ли', 'щу']","[[25, 10, 19], [20, 10], [13, 10], [27, 21]]","[25, 10, 19, 20, 10, 13, 10, 27, 21]",1.0,-1.0,Empty,1,NOUN
440,всего,5,2,"['все', 'го']","[[3, 19, 6], [4, 16]]","[3, 19, 6, 4, 16]",1.0,-1.0,Empty,1,STATE
441,934,3,3,"['9', '3', '4']","[[94], [88], [89]]","[94, 88, 89]",1.0,-1.0,Empty,1,NUM
443,объяснила,9,4,"['объ', 'яс', 'ни', 'ла']","[[16, 2, 28], [33, 19], [15, 10], [13, 1]]","[16, 2, 28, 33, 19, 15, 10, 13, 1]",1.0,-1.0,Empty,1,VERB
448,конечно,7,3,"['ко', 'неч', 'но']","[[12, 16], [15, 6, 25], [15, 16]]","[12, 16, 15, 6, 25, 15, 16]",1.0,-1.0,Empty,1,ADJECTIVE
506,открыли,7,3,"['отк', 'ры', 'ли']","[[16, 20, 12], [18, 29], [13, 10]]","[16, 20, 12, 18, 29, 13, 10]",1.0,-1.0,Empty,1,VERB
507,глаза,5,2,"['гла', 'за']","[[4, 13, 1], [9, 1]]","[4, 13, 1, 9, 1]",1.0,-1.0,Empty,1,NOUN
510,блять,5,1,['блять'],"[[2, 13, 33, 20, 30]]","[2, 13, 33, 20, 30]",1.0,-1.0,Empty,1,INTER
516,подсознании,11,5,"['под', 'соз', 'на', 'ни', 'и']","[[17, 16, 5], [19, 16, 9], [15, 1], [15, 10], [10]]","[17, 16, 5, 19, 16, 9, 15, 1, 15, 10, 10]",1.0,-1.0,Empty,1,NOUN
517,вашему,6,3,"['ва', 'ше', 'му']","[[3, 1], [26, 6], [14, 21]]","[3, 1, 26, 6, 14, 21]",1.0,-1.0,Empty,1,NOMIN
518,взору,5,2,"['взо', 'ру']","[[3, 9, 16], [18, 21]]","[3, 9, 16, 18, 21]",1.0,-1.0,Empty,1,NOUN
519,открылся,8,3,"['отк', 'рыл', 'ся']","[[16, 20, 12], [18, 29, 13], [19, 33]]","[16, 20, 12, 18, 29, 13, 19, 33]",1.0,-1.0,Empty,1,VERB
520,постапокалиптический,20,8,"['пос', 'та', 'по', 'ка', 'лип', 'ти', 'чес', 'кий']","[[17, 16, 19], [20, 1], [17, 16], [12, 1], [13, 10, 17], [20, 10], [25, 6, 19], [12, 10, 11]]","[17, 16, 19, 20, 1, 17, 16, 12, 1, 13, 10, 17, 20, 10, 25, 6, 19, 12, 10, 11]",1.0,-1.0,Empty,1,ADJECTIVE
521,разрушенный,11,4,"['раз', 'ру', 'шен', 'ный']","[[18, 1, 9], [18, 21], [26, 6, 15], [15, 29, 11]]","[18, 1, 9, 18, 21, 26, 6, 15, 15, 29, 11]",1.0,-1.0,Empty,1,ADJECTIVE
523,пустой,6,2,"['пус', 'той']","[[17, 21, 19], [20, 16, 11]]","[17, 21, 19, 20, 16, 11]",1.0,-1.0,Empty,1,ADJECTIVE
524,город,5,2,"['го', 'род']","[[4, 16], [18, 16, 5]]","[4, 16, 18, 16, 5]",1.0,-1.0,Empty,1,NOUN
526,сидели,6,3,"['си', 'де', 'ли']","[[19, 10], [5, 6], [13, 10]]","[19, 10, 5, 6, 13, 10]",1.0,-1.0,Empty,1,VERB
527,на,2,1,['на'],"[[15, 1]]","[15, 1]",1.0,-1.0,Empty,1,PREPOS
528,сером,5,2,"['се', 'ром']","[[19, 6], [18, 16, 14]]","[19, 6, 18, 16, 14]",1.0,-1.0,Empty,1,ADJECTIVE
529,бетоне,6,3,"['бе', 'то', 'не']","[[2, 6], [20, 16], [15, 6]]","[2, 6, 20, 16, 15, 6]",1.0,-1.0,Empty,1,NOUN
530,одного,6,3,"['од', 'но', 'го']","[[16, 5], [15, 16], [4, 16]]","[16, 5, 15, 16, 4, 16]",1.0,-1.0,Empty,1,NOMIN
531,из,2,1,['из'],"[[10, 9]]","[10, 9]",1.0,-1.0,Empty,1,PREPOS
532,уцелевших,9,4,"['у', 'це', 'лев', 'ших']","[[21], [24, 6], [13, 6, 3], [26, 10, 23]]","[21, 24, 6, 13, 6, 3, 26, 10, 23]",1.0,-1.0,Empty,1,ADJECTIVE
533,небоскребов,11,4,"['не', 'боск', 'ре', 'бов']","[[15, 6], [2, 16, 19, 12], [18, 6], [2, 16, 3]]","[15, 6, 2, 16, 19, 12, 18, 6, 2, 16, 3]",1.0,-1.0,Empty,1,NOUN
535,встали,6,2,"['вста', 'ли']","[[3, 19, 20, 1], [13, 10]]","[3, 19, 20, 1, 13, 10]",1.0,-1.0,Empty,1,VERB
537,подошли,7,3,"['по', 'дош', 'ли']","[[17, 16], [5, 16, 26], [13, 10]]","[17, 16, 5, 16, 26, 13, 10]",1.0,-1.0,Empty,1,VERB
538,к,1,1,['к'],[[12]],[12],1.0,-1.0,Empty,1,PREPOS
539,карнизу,7,3,"['кар', 'ни', 'зу']","[[12, 1, 18], [15, 10], [9, 21]]","[12, 1, 18, 15, 10, 9, 21]",1.0,-1.0,Empty,1,NOUN
540,чтобы,5,2,"['что', 'бы']","[[25, 20, 16], [2, 29]]","[25, 20, 16, 2, 29]",1.0,-1.0,Empty,1,UNION
541,осмотреть,9,3,"['ос', 'мот', 'реть']","[[16, 19], [14, 16, 20], [18, 6, 20, 30]]","[16, 19, 14, 16, 20, 18, 6, 20, 30]",1.0,-1.0,Empty,1,VERB
542,этот,4,2,"['э', 'тот']","[[31], [20, 16, 20]]","[31, 20, 16, 20]",1.0,-1.0,Empty,1,NOMIN
543,удручающий,10,5,"['уд', 'ру', 'ча', 'ю', 'щий']","[[21, 5], [18, 21], [25, 1], [32], [27, 10, 11]]","[21, 5, 18, 21, 25, 1, 32, 27, 10, 11]",1.0,-1.0,Empty,1,ADJECTIVE
544,вид,3,1,['вид'],"[[3, 10, 5]]","[3, 10, 5]",1.0,-1.0,Empty,1,NOUN
546,выглядит,8,3,"['выг', 'ля', 'дит']","[[3, 29, 4], [13, 33], [5, 10, 20]]","[3, 29, 4, 13, 33, 5, 10, 20]",1.0,-1.0,Empty,1,VERB
547,таким,5,2,"['та', 'ким']","[[20, 1], [12, 10, 14]]","[20, 1, 12, 10, 14]",1.0,-1.0,Empty,1,NOMIN
548,пустым,6,2,"['пус', 'тым']","[[17, 21, 19], [20, 29, 14]]","[17, 21, 19, 20, 29, 14]",1.0,-1.0,Empty,1,ADJECTIVE
550,будто,5,2,"['буд', 'то']","[[2, 21, 5], [20, 16]]","[2, 21, 5, 20, 16]",1.0,-1.0,Empty,1,UNION
551,давно,5,2,"['дав', 'но']","[[5, 1, 3], [15, 16]]","[5, 1, 3, 15, 16]",1.0,-1.0,Empty,1,STATE
552,уже,3,2,"['у', 'же']","[[21], [8, 6]]","[21, 8, 6]",1.0,-1.0,Empty,1,STATE
553,никого,6,3,"['ни', 'ко', 'го']","[[15, 10], [12, 16], [4, 16]]","[15, 10, 12, 16, 4, 16]",1.0,-1.0,Empty,1,NOMIN
554,нет,3,1,['нет'],"[[15, 6, 20]]","[15, 6, 20]",1.0,-1.0,Empty,1,PTICK
556,живых,5,2,"['жи', 'вых']","[[8, 10], [3, 29, 23]]","[8, 10, 3, 29, 23]",1.0,-1.0,Empty,1,NOUN
557,мертвая,7,3,"['мерт', 'ва', 'я']","[[14, 6, 18, 20], [3, 1], [33]]","[14, 6, 18, 20, 3, 1, 33]",1.0,-1.0,Empty,1,ADJECTIVE
558,тишина,6,3,"['ти', 'ши', 'на']","[[20, 10], [26, 10], [15, 1]]","[20, 10, 26, 10, 15, 1]",1.0,-1.0,Empty,1,NOUN
561,легкий,6,2,"['лег', 'кий']","[[13, 6, 4], [12, 10, 11]]","[13, 6, 4, 12, 10, 11]",1.0,-1.0,Empty,1,ADJECTIVE
562,металлический,13,5,"['ме', 'тал', 'ли', 'чес', 'кий']","[[14, 6], [20, 1, 13], [13, 10], [25, 6, 19], [12, 10, 11]]","[14, 6, 20, 1, 13, 13, 10, 25, 6, 19, 12, 10, 11]",1.0,-1.0,Empty,1,ADJECTIVE
563,скрип,5,1,['скрип'],"[[19, 12, 18, 10, 17]]","[19, 12, 18, 10, 17]",1.0,-1.0,Empty,1,INTER
564,иногда,6,3,"['и', 'ног', 'да']","[[10], [15, 16, 4], [5, 1]]","[10, 15, 16, 4, 5, 1]",1.0,-1.0,Empty,1,STATE
565,отдавался,9,4,"['от', 'да', 'вал', 'ся']","[[16, 20], [5, 1], [3, 1, 13], [19, 33]]","[16, 20, 5, 1, 3, 1, 13, 19, 33]",1.0,-1.0,Empty,1,VERB
566,эхом,4,2,"['э', 'хом']","[[31], [23, 16, 14]]","[31, 23, 16, 14]",1.0,-1.0,Empty,1,NOUN
567,какое,5,3,"['ка', 'ко', 'е']","[[12, 1], [12, 16], [6]]","[12, 1, 12, 16, 6]",1.0,-1.0,Empty,1,NOMIN
568,удручающее,10,6,"['уд', 'ру', 'ча', 'ю', 'ще', 'е']","[[21, 5], [18, 21], [25, 1], [32], [27, 6], [6]]","[21, 5, 18, 21, 25, 1, 32, 27, 6, 6]",1.0,-1.0,Empty,1,PRICH
569,зрелище,7,3,"['зре', 'ли', 'ще']","[[9, 18, 6], [13, 10], [27, 6]]","[9, 18, 6, 13, 10, 27, 6]",1.0,-1.0,Empty,1,NOUN
573,себе,4,2,"['се', 'бе']","[[19, 6], [2, 6]]","[19, 6, 2, 6]",1.0,-1.0,Empty,1,PTICK
575,представлял,11,3,"['предс', 'тав', 'лял']","[[17, 18, 6, 5, 19], [20, 1, 3], [13, 33, 13]]","[17, 18, 6, 5, 19, 20, 1, 3, 13, 33, 13]",1.0,-1.0,Empty,1,VERB
576,грустно,7,2,"['груст', 'но']","[[4, 18, 21, 19, 20], [15, 16]]","[4, 18, 21, 19, 20, 15, 16]",1.0,-1.0,Empty,1,STATE
577,произнесли,10,4,"['про', 'из', 'нес', 'ли']","[[17, 18, 16], [10, 9], [15, 6, 19], [13, 10]]","[17, 18, 16, 10, 9, 15, 6, 19, 13, 10]",1.0,-1.0,Empty,1,VERB
579,вслух,5,1,['вслух'],"[[3, 19, 13, 21, 23]]","[3, 19, 13, 21, 23]",1.0,-1.0,Empty,1,STATE
580,глядя,5,2,"['гля', 'дя']","[[4, 13, 33], [5, 33]]","[4, 13, 33, 5, 33]",1.0,-1.0,Empty,1,DEPRICH
585,эй,2,1,['эй'],"[[31, 11]]","[31, 11]",1.0,-1.0,Empty,1,INTER
588,контрактор,10,3,"['конт', 'рак', 'тор']","[[12, 16, 15, 20], [18, 1, 12], [20, 16, 18]]","[12, 16, 15, 20, 18, 1, 12, 20, 16, 18]",1.0,-1.0,Empty,1,NOUN
589,спросил,7,2,"['спро', 'сил']","[[19, 17, 18, 16], [19, 10, 13]]","[19, 17, 18, 16, 19, 10, 13]",1.0,-1.0,Empty,1,VERB
590,голос,5,2,"['го', 'лос']","[[4, 16], [13, 16, 19]]","[4, 16, 13, 16, 19]",1.0,-1.0,Empty,1,NOUN
592,повернулись,11,4,"['по', 'вер', 'ну', 'лись']","[[17, 16], [3, 6, 18], [15, 21], [13, 10, 19, 30]]","[17, 16, 3, 6, 18, 15, 21, 13, 10, 19, 30]",1.0,-1.0,Empty,1,VERB
596,увидели,7,4,"['у', 'ви', 'де', 'ли']","[[21], [3, 10], [5, 6], [13, 10]]","[21, 3, 10, 5, 6, 13, 10]",1.0,-1.0,Empty,1,VERB
597,девушку,7,3,"['де', 'вуш', 'ку']","[[5, 6], [3, 21, 26], [12, 21]]","[5, 6, 3, 21, 26, 12, 21]",1.0,-1.0,Empty,1,NOUN
599,двумя,5,2,"['дву', 'мя']","[[5, 3, 21], [14, 33]]","[5, 3, 21, 14, 33]",1.0,-1.0,Empty,1,NUMIN
600,длинными,8,3,"['длин', 'ны', 'ми']","[[5, 13, 10, 15], [15, 29], [14, 10]]","[5, 13, 10, 15, 15, 29, 14, 10]",1.0,-1.0,Empty,1,ADJECTIVE
601,тонкими,7,3,"['тон', 'ки', 'ми']","[[20, 16, 15], [12, 10], [14, 10]]","[20, 16, 15, 12, 10, 14, 10]",1.0,-1.0,Empty,1,ADJECTIVE
602,клинками,8,3,"['клин', 'ка', 'ми']","[[12, 13, 10, 15], [12, 1], [14, 10]]","[12, 13, 10, 15, 12, 1, 14, 10]",1.0,-1.0,Empty,1,NOUN
603,гарда,5,2,"['гар', 'да']","[[4, 1, 18], [5, 1]]","[4, 1, 18, 5, 1]",1.0,-1.0,Empty,1,NOUN
604,этих,4,2,"['э', 'тих']","[[31], [20, 10, 23]]","[31, 20, 10, 23]",1.0,-1.0,Empty,1,NOMIN
605,клинков,7,2,"['клин', 'ков']","[[12, 13, 10, 15], [12, 16, 3]]","[12, 13, 10, 15, 12, 16, 3]",1.0,-1.0,Empty,1,NOUN
606,напоминала,10,5,"['на', 'по', 'ми', 'на', 'ла']","[[15, 1], [17, 16], [14, 10], [15, 1], [13, 1]]","[15, 1, 17, 16, 14, 10, 15, 1, 13, 1]",1.0,-1.0,Empty,1,VERB
607,огромный,8,3,"['ог', 'ром', 'ный']","[[16, 4], [18, 16, 14], [15, 29, 11]]","[16, 4, 18, 16, 14, 15, 29, 11]",1.0,-1.0,Empty,1,ADJECTIVE
608,транспортир,11,3,"['транс', 'пор', 'тир']","[[20, 18, 1, 15, 19], [17, 16, 18], [20, 10, 18]]","[20, 18, 1, 15, 19, 17, 16, 18, 20, 10, 18]",1.0,-1.0,Empty,1,NOUN
609,да,2,1,['да'],"[[5, 1]]","[5, 1]",1.0,-1.0,Empty,1,UNION
611,пришел,6,2,"['при', 'шел']","[[17, 18, 10], [26, 6, 13]]","[17, 18, 10, 26, 6, 13]",1.0,-1.0,Empty,1,VERB
612,сюда,4,2,"['сю', 'да']","[[19, 32], [5, 1]]","[19, 32, 5, 1]",1.0,-1.0,Empty,1,STATE
615,оружие,6,4,"['о', 'ру', 'жи', 'е']","[[16], [18, 21], [8, 10], [6]]","[16, 18, 21, 8, 10, 6]",1.0,-1.0,Empty,1,NOUN
617,сказал,6,2,"['ска', 'зал']","[[19, 12, 1], [9, 1, 13]]","[19, 12, 1, 9, 1, 13]",1.0,-1.0,Empty,1,VERB
620,беспокойство,12,4,"['бес', 'по', 'кой', 'ство']","[[2, 6, 19], [17, 16], [12, 16, 11], [19, 20, 3, 16]]","[2, 6, 19, 17, 16, 12, 16, 11, 19, 20, 3, 16]",1.0,-1.0,Empty,1,NOUN
623,присутствия,11,4,"['при', 'сутст', 'ви', 'я']","[[17, 18, 10], [19, 21, 20, 19, 20], [3, 10], [33]]","[17, 18, 10, 19, 21, 20, 19, 20, 3, 10, 33]",1.0,-1.0,Empty,1,NOUN
627,напряжены,9,4,"['нап', 'ря', 'же', 'ны']","[[15, 1, 17], [18, 33], [8, 6], [15, 29]]","[15, 1, 17, 18, 33, 8, 6, 15, 29]",1.0,-1.0,Empty,1,PRICH
629,находитесь,10,4,"['на', 'хо', 'ди', 'тесь']","[[15, 1], [23, 16], [5, 10], [20, 6, 19, 30]]","[15, 1, 23, 16, 5, 10, 20, 6, 19, 30]",1.0,-1.0,Empty,1,VERB
631,адресу,6,3,"['ад', 'ре', 'су']","[[1, 5], [18, 6], [19, 21]]","[1, 5, 18, 6, 19, 21]",1.0,-1.0,Empty,1,NOUN
632,отличный,8,3,"['от', 'лич', 'ный']","[[16, 20], [13, 10, 25], [15, 29, 11]]","[16, 20, 13, 10, 25, 15, 29, 11]",1.0,-1.0,Empty,1,ADJECTIVE
635,правда,6,2,"['прав', 'да']","[[17, 18, 1, 3], [5, 1]]","[17, 18, 1, 3, 5, 1]",1.0,-1.0,Empty,1,NOUN
636,ли,2,1,['ли'],"[[13, 10]]","[13, 10]",1.0,-1.0,Empty,1,UNION
637,девушка,7,3,"['де', 'вуш', 'ка']","[[5, 6], [3, 21, 26], [12, 1]]","[5, 6, 3, 21, 26, 12, 1]",1.0,-1.0,Empty,1,NOUN
638,рассмеялась,11,4,"['расс', 'ме', 'я', 'лась']","[[18, 1, 19, 19], [14, 6], [33], [13, 1, 19, 30]]","[18, 1, 19, 19, 14, 6, 33, 13, 1, 19, 30]",1.0,-1.0,Empty,1,VERB
640,похлопала,9,4,"['пох', 'ло', 'па', 'ла']","[[17, 16, 23], [13, 16], [17, 1], [13, 1]]","[17, 16, 23, 13, 16, 17, 1, 13, 1]",1.0,-1.0,Empty,1,VERB
641,вас,3,1,['вас'],"[[3, 1, 19]]","[3, 1, 19]",1.0,-1.0,Empty,1,NOMIN
643,плечу,5,2,"['пле', 'чу']","[[17, 13, 6], [25, 21]]","[17, 13, 6, 25, 21]",1.0,-1.0,Empty,1,NOUN
645,чего,4,2,"['че', 'го']","[[25, 6], [4, 16]]","[25, 6, 4, 16]",1.0,-1.0,Empty,1,STATE
647,вздрогнули,10,3,"['вздро', 'гну', 'ли']","[[3, 9, 5, 18, 16], [4, 15, 21], [13, 10]]","[3, 9, 5, 18, 16, 4, 15, 21, 13, 10]",1.0,-1.0,Empty,1,VERB
649,пошла,5,2,"['пош', 'ла']","[[17, 16, 26], [13, 1]]","[17, 16, 26, 13, 1]",1.0,-1.0,Empty,1,ADJECTIVE
651,выступу,7,3,"['выс', 'ту', 'пу']","[[3, 29, 19], [20, 21], [17, 21]]","[3, 29, 19, 20, 21, 17, 21]",1.0,-1.0,Empty,1,NOUN
652,этажа,5,3,"['э', 'та', 'жа']","[[31], [20, 1], [8, 1]]","[31, 20, 1, 8, 1]",1.0,-1.0,Empty,1,NOUN
655,него,4,2,"['не', 'го']","[[15, 6], [4, 16]]","[15, 6, 4, 16]",1.0,-1.0,Empty,1,NOMIN
656,явно,4,2,"['яв', 'но']","[[33, 3], [15, 16]]","[33, 3, 15, 16]",1.0,-1.0,Empty,1,STATE
657,захватывает,11,5,"['зах', 'ва', 'ты', 'ва', 'ет']","[[9, 1, 23], [3, 1], [20, 29], [3, 1], [6, 20]]","[9, 1, 23, 3, 1, 20, 29, 3, 1, 6, 20]",1.0,-1.0,Empty,1,VERB
658,дух,3,1,['дух'],"[[5, 21, 23]]","[5, 21, 23]",1.0,-1.0,Empty,1,NOUN
659,нерешительно,12,5,"['не', 'ре', 'ши', 'тель', 'но']","[[15, 6], [18, 6], [26, 10], [20, 6, 13, 30], [15, 16]]","[15, 6, 18, 6, 26, 10, 20, 6, 13, 30, 15, 16]",1.0,-1.0,Empty,1,STATE
660,ответили,8,4,"['от', 'ве', 'ти', 'ли']","[[16, 20], [3, 6], [20, 10], [13, 10]]","[16, 20, 3, 6, 20, 10, 13, 10]",1.0,-1.0,Empty,1,VERB
663,натянула,8,4,"['на', 'тя', 'ну', 'ла']","[[15, 1], [20, 33], [15, 21], [13, 1]]","[15, 1, 20, 33, 15, 21, 13, 1]",1.0,-1.0,Empty,1,VERB
664,защитные,8,4,"['за', 'щит', 'ны', 'е']","[[9, 1], [27, 10, 20], [15, 29], [6]]","[9, 1, 27, 10, 20, 15, 29, 6]",1.0,-1.0,Empty,1,ADJECTIVE
665,щитки,5,2,"['щит', 'ки']","[[27, 10, 20], [12, 10]]","[27, 10, 20, 12, 10]",1.0,-1.0,Empty,1,NOUN
667,длинные,7,3,"['длин', 'ны', 'е']","[[5, 13, 10, 15], [15, 29], [6]]","[5, 13, 10, 15, 15, 29, 6]",1.0,-1.0,Empty,1,ADJECTIVE
668,лезвия,6,3,"['лез', 'ви', 'я']","[[13, 6, 9], [3, 10], [33]]","[13, 6, 9, 3, 10, 33]",1.0,-1.0,Empty,1,NOUN
670,протянула,9,4,"['про', 'тя', 'ну', 'ла']","[[17, 18, 16], [20, 33], [15, 21], [13, 1]]","[17, 18, 16, 20, 33, 15, 21, 13, 1]",1.0,-1.0,Empty,1,VERB
671,вам,3,1,['вам'],"[[3, 1, 14]]","[3, 1, 14]",1.0,-1.0,Empty,1,NOMIN
672,один,4,2,"['о', 'дин']","[[16], [5, 10, 15]]","[16, 5, 10, 15]",1.0,-1.0,Empty,1,NUMIN
676,пришли,6,2,"['приш', 'ли']","[[17, 18, 10, 26], [13, 10]]","[17, 18, 10, 26, 13, 10]",1.0,-1.0,Empty,1,VERB
677,за,2,1,['за'],"[[9, 1]]","[9, 1]",1.0,-1.0,Empty,1,PREPOS
678,оружием,7,4,"['о', 'ру', 'жи', 'ем']","[[16], [18, 21], [8, 10], [6, 14]]","[16, 18, 21, 8, 10, 6, 14]",1.0,-1.0,Empty,1,NOUN
682,вот,3,1,['вот'],"[[3, 16, 20]]","[3, 16, 20]",1.0,-1.0,Empty,1,PTICK
683,сказала,7,3,"['ска', 'за', 'ла']","[[19, 12, 1], [9, 1], [13, 1]]","[19, 12, 1, 9, 1, 13, 1]",1.0,-1.0,Empty,1,VERB
685,протягивая,10,5,"['про', 'тя', 'ги', 'ва', 'я']","[[17, 18, 16], [20, 33], [4, 10], [3, 1], [33]]","[17, 18, 16, 20, 33, 4, 10, 3, 1, 33]",1.0,-1.0,Empty,1,DEPRICH
689,своих,5,2,"['сво', 'их']","[[19, 3, 16], [10, 23]]","[19, 3, 16, 10, 23]",1.0,-1.0,Empty,1,NOMIN
691,эмм,3,1,['эмм'],"[[31, 14, 14]]","[31, 14, 14]",1.0,-1.0,Empty,1,INTER
692,хорошо,6,3,"['хо', 'ро', 'шо']","[[23, 16], [18, 16], [26, 16]]","[23, 16, 18, 16, 26, 16]",1.0,-1.0,Empty,1,STATE
694,отвечаете,9,5,"['от', 'ве', 'ча', 'е', 'те']","[[16, 20], [3, 6], [25, 1], [6], [20, 6]]","[16, 20, 3, 6, 25, 1, 6, 20, 6]",1.0,-1.0,Empty,1,VERB
696,тревогой,8,3,"['тре', 'во', 'гой']","[[20, 18, 6], [3, 16], [4, 16, 11]]","[20, 18, 6, 3, 16, 4, 16, 11]",1.0,-1.0,Empty,1,NOUN
749,том,3,1,['том'],"[[20, 16, 14]]","[20, 16, 14]",1.0,-1.0,Empty,1,NOMIN
752,такой,5,2,"['та', 'кой']","[[20, 1], [12, 16, 11]]","[20, 1, 12, 16, 11]",1.0,-1.0,Empty,1,NOMIN
755,можете,6,3,"['мо', 'же', 'те']","[[14, 16], [8, 6], [20, 6]]","[14, 16, 8, 6, 20, 6]",1.0,-1.0,Empty,1,VERB
756,рассказать,10,3,"['расс', 'ка', 'зать']","[[18, 1, 19, 19], [12, 1], [9, 1, 20, 30]]","[18, 1, 19, 19, 12, 1, 9, 1, 20, 30]",1.0,-1.0,Empty,1,VERB
757,ему,3,2,"['е', 'му']","[[6], [14, 21]]","[6, 14, 21]",1.0,-1.0,Empty,1,NOMIN
761,может,5,2,"['мо', 'жет']","[[14, 16], [8, 6, 20]]","[14, 16, 8, 6, 20]",1.0,-1.0,Empty,1,VERB
762,даже,4,2,"['да', 'же']","[[5, 1], [8, 6]]","[5, 1, 8, 6]",1.0,-1.0,Empty,1,UNION
764,поверить,8,3,"['по', 'ве', 'рить']","[[17, 16], [3, 6], [18, 10, 20, 30]]","[17, 16, 3, 6, 18, 10, 20, 30]",1.0,-1.0,Empty,1,VERB
766,аме,3,2,"['а', 'ме']","[[1], [14, 6]]","[1, 14, 6]",1.0,-1.0,Empty,1,NAME
767,вывела,6,3,"['вы', 'ве', 'ла']","[[3, 29], [3, 6], [13, 1]]","[3, 29, 3, 6, 13, 1]",1.0,-1.0,Empty,1,VERB
772,оказалось,9,4,"['о', 'ка', 'за', 'лось']","[[16], [12, 1], [9, 1], [13, 16, 19, 30]]","[16, 12, 1, 9, 1, 13, 16, 19, 30]",1.0,-1.0,Empty,1,VERB
777,лишь,4,1,['лишь'],"[[13, 10, 26, 30]]","[13, 10, 26, 30]",1.0,-1.0,Empty,1,UNION
778,городской,9,3,"['го', 'родс', 'кой']","[[4, 16], [18, 16, 5, 19], [12, 16, 11]]","[4, 16, 18, 16, 5, 19, 12, 16, 11]",1.0,-1.0,Empty,1,ADJECTIVE
779,парк,4,1,['парк'],"[[17, 1, 18, 12]]","[17, 1, 18, 12]",1.0,-1.0,Empty,1,NOUN
782,оказались,9,4,"['о', 'ка', 'за', 'лись']","[[16], [12, 1], [9, 1], [13, 10, 19, 30]]","[16, 12, 1, 9, 1, 13, 10, 19, 30]",1.0,-1.0,Empty,1,VERB
784,центре,6,2,"['цент', 'ре']","[[24, 6, 15, 20], [18, 6]]","[24, 6, 15, 20, 18, 6]",1.0,-1.0,Empty,1,NOUN
785,огромного,9,4,"['ог', 'ром', 'но', 'го']","[[16, 4], [18, 16, 14], [15, 16], [4, 16]]","[16, 4, 18, 16, 14, 15, 16, 4, 16]",1.0,-1.0,Empty,1,ADJECTIVE
786,города,6,3,"['го', 'ро', 'да']","[[4, 16], [18, 16], [5, 1]]","[4, 16, 18, 16, 5, 1]",1.0,-1.0,Empty,1,NOUN
787,когда,5,2,"['ког', 'да']","[[12, 16, 4], [5, 1]]","[12, 16, 4, 5, 1]",1.0,-1.0,Empty,1,UNION
789,добрались,9,3,"['доб', 'ра', 'лись']","[[5, 16, 2], [18, 1], [13, 10, 19, 30]]","[5, 16, 2, 18, 1, 13, 10, 19, 30]",1.0,-1.0,Empty,1,VERB
790,до,2,1,['до'],"[[5, 16]]","[5, 16]",1.0,-1.0,Empty,1,PREPOS
791,дома,4,2,"['до', 'ма']","[[5, 16], [14, 1]]","[5, 16, 14, 1]",1.0,-1.0,Empty,1,STATE
792,амэ,3,2,"['а', 'мэ']","[[1], [14, 31]]","[1, 14, 31]",1.0,-1.0,Empty,1,NAME
793,начала,6,3,"['на', 'ча', 'ла']","[[15, 1], [25, 1], [13, 1]]","[15, 1, 25, 1, 13, 1]",1.0,-1.0,Empty,1,NOUN
794,задавать,8,3,"['за', 'да', 'вать']","[[9, 1], [5, 1], [3, 1, 20, 30]]","[9, 1, 5, 1, 3, 1, 20, 30]",1.0,-1.0,Empty,1,VERB
796,вопросы,7,3,"['воп', 'ро', 'сы']","[[3, 16, 17], [18, 16], [19, 29]]","[3, 16, 17, 18, 16, 19, 29]",1.0,-1.0,Empty,1,NOUN
797,странное,8,3,"['стран', 'но', 'е']","[[19, 20, 18, 1, 15], [15, 16], [6]]","[19, 20, 18, 1, 15, 15, 16, 6]",1.0,-1.0,Empty,1,ADJECTIVE
799,охватывает,10,5,"['ох', 'ва', 'ты', 'ва', 'ет']","[[16, 23], [3, 1], [20, 29], [3, 1], [6, 20]]","[16, 23, 3, 1, 20, 29, 3, 1, 6, 20]",1.0,-1.0,Empty,1,VERB
803,падает,6,3,"['па', 'да', 'ет']","[[17, 1], [5, 1], [6, 20]]","[17, 1, 5, 1, 6, 20]",1.0,-1.0,Empty,1,VERB
805,пол,3,1,['пол'],"[[17, 16, 13]]","[17, 16, 13]",1.0,-1.0,Empty,1,ADJECTIVE
807,попытался,9,4,"['по', 'пы', 'тал', 'ся']","[[17, 16], [17, 29], [20, 1, 13], [19, 33]]","[17, 16, 17, 29, 20, 1, 13, 19, 33]",1.0,-1.0,Empty,1,VERB
808,встать,6,1,['встать'],"[[3, 19, 20, 1, 20, 30]]","[3, 19, 20, 1, 20, 30]",1.0,-1.0,Empty,1,VERB
810,тут,3,1,['тут'],"[[20, 21, 20]]","[20, 21, 20]",1.0,-1.0,Empty,1,STATE
812,почувствовал,12,4,"['по', 'чувст', 'во', 'вал']","[[17, 16], [25, 21, 3, 19, 20], [3, 16], [3, 1, 13]]","[17, 16, 25, 21, 3, 19, 20, 3, 16, 3, 1, 13]",1.0,-1.0,Empty,1,VERB
813,нечто,5,2,"['неч', 'то']","[[15, 6, 25], [20, 16]]","[15, 6, 25, 20, 16]",1.0,-1.0,Empty,1,NOMIN
814,большее,7,3,"['боль', 'ше', 'е']","[[2, 16, 13, 30], [26, 6], [6]]","[2, 16, 13, 30, 26, 6, 6]",1.0,-1.0,Empty,1,ADJECTIVE
815,чем,3,1,['чем'],"[[25, 6, 14]]","[25, 6, 14]",1.0,-1.0,Empty,1,UNION
816,просто,6,2,"['прос', 'то']","[[17, 18, 16, 19], [20, 16]]","[17, 18, 16, 19, 20, 16]",1.0,-1.0,Empty,1,STATE
817,головную,8,4,"['го', 'лов', 'ну', 'ю']","[[4, 16], [13, 16, 3], [15, 21], [32]]","[4, 16, 13, 16, 3, 15, 21, 32]",1.0,-1.0,Empty,1,ADJECTIVE
821,тело,4,2,"['те', 'ло']","[[20, 6], [13, 16]]","[20, 6, 13, 16]",1.0,-1.0,Empty,1,NOUN
822,задрожало,9,4,"['зад', 'ро', 'жа', 'ло']","[[9, 1, 5], [18, 16], [8, 1], [13, 16]]","[9, 1, 5, 18, 16, 8, 1, 13, 16]",1.0,-1.0,Empty,1,VERB
825,рогов,5,2,"['ро', 'гов']","[[18, 16], [4, 16, 3]]","[18, 16, 4, 16, 3]",1.0,-1.0,Empty,1,NOUN
827,исходить,8,3,"['ис', 'хо', 'дить']","[[10, 19], [23, 16], [5, 10, 20, 30]]","[10, 19, 23, 16, 5, 10, 20, 30]",1.0,-1.0,Empty,1,VERB
828,странная,8,3,"['стран', 'на', 'я']","[[19, 20, 18, 1, 15], [15, 1], [33]]","[19, 20, 18, 1, 15, 15, 1, 33]",1.0,-1.0,Empty,1,ADJECTIVE
829,черная,6,3,"['чер', 'на', 'я']","[[25, 6, 18], [15, 1], [33]]","[25, 6, 18, 15, 1, 33]",1.0,-1.0,Empty,1,ADJECTIVE
830,энергия,7,4,"['э', 'нер', 'ги', 'я']","[[31], [15, 6, 18], [4, 10], [33]]","[31, 15, 6, 18, 4, 10, 33]",1.0,-1.0,Empty,1,NOUN
832,шепчет,6,2,"['шеп', 'чет']","[[26, 6, 17], [25, 6, 20]]","[26, 6, 17, 25, 6, 20]",1.0,-1.0,Empty,1,VERB
839,неизвестном,11,4,"['не', 'из', 'вест', 'ном']","[[15, 6], [10, 9], [3, 6, 19, 20], [15, 16, 14]]","[15, 6, 10, 9, 3, 6, 19, 20, 15, 16, 14]",1.0,-1.0,Empty,1,ADJECTIVE
840,пространстве,12,3,"['прост', 'ранст', 'ве']","[[17, 18, 16, 19, 20], [18, 1, 15, 19, 20], [3, 6]]","[17, 18, 16, 19, 20, 18, 1, 15, 19, 20, 3, 6]",1.0,-1.0,Empty,1,NOUN
841,внутри,6,2,"['внут', 'ри']","[[3, 15, 21, 20], [18, 10]]","[3, 15, 21, 20, 18, 10]",1.0,-1.0,Empty,1,STATE
842,своего,6,3,"['сво', 'е', 'го']","[[19, 3, 16], [6], [4, 16]]","[19, 3, 16, 6, 4, 16]",1.0,-1.0,Empty,1,NOMIN
844,перед,5,2,"['пе', 'ред']","[[17, 6], [18, 6, 5]]","[17, 6, 18, 6, 5]",1.0,-1.0,Empty,1,PREPOS
845,собой,5,2,"['со', 'бой']","[[19, 16], [2, 16, 11]]","[19, 16, 2, 16, 11]",1.0,-1.0,Empty,1,NOMIN
847,увидел,6,3,"['у', 'ви', 'дел']","[[21], [3, 10], [5, 6, 13]]","[21, 3, 10, 5, 6, 13]",1.0,-1.0,Empty,1,VERB
848,незнакомую,10,5,"['нез', 'на', 'ко', 'му', 'ю']","[[15, 6, 9], [15, 1], [12, 16], [14, 21], [32]]","[15, 6, 9, 15, 1, 12, 16, 14, 21, 32]",1.0,-1.0,Empty,1,ADJECTIVE
851,ней,3,1,['ней'],"[[15, 6, 11]]","[15, 6, 11]",1.0,-1.0,Empty,1,NOMIN
853,чувствовал,10,3,"['чувст', 'во', 'вал']","[[25, 21, 3, 19, 20], [3, 16], [3, 1, 13]]","[25, 21, 3, 19, 20, 3, 16, 3, 1, 13]",1.0,-1.0,Empty,1,VERB
855,передо,6,3,"['пе', 'ре', 'до']","[[17, 6], [18, 6], [5, 16]]","[17, 6, 18, 6, 5, 16]",1.0,-1.0,Empty,1,PREPOS
856,мной,4,1,['мной'],"[[14, 15, 16, 11]]","[14, 15, 16, 11]",1.0,-1.0,Empty,1,NOMIN
858,рыжеволосая,11,6,"['ры', 'же', 'во', 'ло', 'са', 'я']","[[18, 29], [8, 6], [3, 16], [13, 16], [19, 1], [33]]","[18, 29, 8, 6, 3, 16, 13, 16, 19, 1, 33]",1.0,-1.0,Empty,1,ADJECTIVE
861,ухмылкой,8,3,"['ух', 'мыл', 'кой']","[[21, 23], [14, 29, 13], [12, 16, 11]]","[21, 23, 14, 29, 13, 12, 16, 11]",1.0,-1.0,Empty,1,NOUN
863,лице,4,2,"['ли', 'це']","[[13, 10], [24, 6]]","[13, 10, 24, 6]",1.0,-1.0,Empty,1,NOUN
866,такая,5,3,"['та', 'ка', 'я']","[[20, 1], [12, 1], [33]]","[20, 1, 12, 1, 33]",1.0,-1.0,Empty,1,NOMIN
868,объясняет,9,4,"['объ', 'яс', 'ня', 'ет']","[[16, 2, 28], [33, 19], [15, 33], [6, 20]]","[16, 2, 28, 33, 19, 15, 33, 6, 20]",1.0,-1.0,Empty,1,VERB
870,во,2,1,['во'],"[[3, 16]]","[3, 16]",1.0,-1.0,Empty,1,PREPOS
871,сне,3,1,['сне'],"[[19, 15, 6]]","[19, 15, 6]",1.0,-1.0,Empty,1,NOUN
873,встретил,8,2,"['встре', 'тил']","[[3, 19, 20, 18, 6], [20, 10, 13]]","[3, 19, 20, 18, 6, 20, 10, 13]",1.0,-1.0,Empty,1,VERB
874,воплощение,10,5,"['воп', 'ло', 'ще', 'ни', 'е']","[[3, 16, 17], [13, 16], [27, 6], [15, 10], [6]]","[3, 16, 17, 13, 16, 27, 6, 15, 10, 6]",1.0,-1.0,Empty,1,NOUN
875,пламени,7,3,"['пла', 'ме', 'ни']","[[17, 13, 1], [14, 6], [15, 10]]","[17, 13, 1, 14, 6, 15, 10]",1.0,-1.0,Empty,1,NOUN
877,своей,5,2,"['сво', 'ей']","[[19, 3, 16], [6, 11]]","[19, 3, 16, 6, 11]",1.0,-1.0,Empty,1,NOMIN
878,силы,4,2,"['си', 'лы']","[[19, 10], [13, 29]]","[19, 10, 13, 29]",1.0,-1.0,Empty,1,NOUN
880,назвала,7,3,"['наз', 'ва', 'ла']","[[15, 1, 9], [3, 1], [13, 1]]","[15, 1, 9, 3, 1, 13, 1]",1.0,-1.0,Empty,1,VERB
881,себя,4,2,"['се', 'бя']","[[19, 6], [2, 33]]","[19, 6, 2, 33]",1.0,-1.0,Empty,1,NOMIN
882,юной,4,2,"['ю', 'ной']","[[32], [15, 16, 11]]","[32, 15, 16, 11]",1.0,-1.0,Empty,1,ADJECTIVE
883,похоже,6,3,"['по', 'хо', 'же']","[[17, 16], [23, 16], [8, 6]]","[17, 16, 23, 16, 8, 6]",1.0,-1.0,Empty,1,ADJECTIVE
889,однако,6,3,"['од', 'на', 'ко']","[[16, 5], [15, 1], [12, 16]]","[16, 5, 15, 1, 12, 16]",1.0,-1.0,Empty,1,INTER
893,говорил,7,3,"['го', 'во', 'рил']","[[4, 16], [3, 16], [18, 10, 13]]","[4, 16, 3, 16, 18, 10, 13]",1.0,-1.0,Empty,1,VERB
898,у,1,1,['у'],[[21]],[21],1.0,-1.0,Empty,1,INTER
899,нее,3,2,"['не', 'е']","[[15, 6], [6]]","[15, 6, 6]",1.0,-1.0,Empty,1,NOMIN
900,есть,4,1,['есть'],"[[6, 19, 20, 30]]","[6, 19, 20, 30]",1.0,-1.0,Empty,1,INTER
901,своя,4,2,"['сво', 'я']","[[19, 3, 16], [33]]","[19, 3, 16, 33]",1.0,-1.0,Empty,1,NOMIN
902,личность,8,2,"['лич', 'ность']","[[13, 10, 25], [15, 16, 19, 20, 30]]","[13, 10, 25, 15, 16, 19, 20, 30]",1.0,-1.0,Empty,1,NOUN
903,чувства,7,2,"['чувст', 'ва']","[[25, 21, 3, 19, 20], [3, 1]]","[25, 21, 3, 19, 20, 3, 1]",1.0,-1.0,Empty,1,NOUN
905,мысли,5,2,"['мыс', 'ли']","[[14, 29, 19], [13, 10]]","[14, 29, 19, 13, 10]",1.0,-1.0,Empty,1,NOUN
908,знал,4,1,['знал'],"[[9, 15, 1, 13]]","[9, 15, 1, 13]",1.0,-1.0,Empty,1,VERB
915,одно,4,2,"['од', 'но']","[[16, 5], [15, 16]]","[16, 5, 15, 16]",1.0,-1.0,Empty,1,NOMIN
918,точно,5,2,"['точ', 'но']","[[20, 16, 25], [15, 16]]","[20, 16, 25, 15, 16]",1.0,-1.0,Empty,1,STATE
921,выяснить,8,3,"['вы', 'яс', 'нить']","[[3, 29], [33, 19], [15, 10, 20, 30]]","[3, 29, 33, 19, 15, 10, 20, 30]",1.0,-1.0,Empty,1,VERB
928,такое,5,3,"['та', 'ко', 'е']","[[20, 1], [12, 16], [6]]","[20, 1, 12, 16, 6]",1.0,-1.0,Empty,1,NOMIN
933,использовать,12,4,"['ис', 'поль', 'зо', 'вать']","[[10, 19], [17, 16, 13, 30], [9, 16], [3, 1, 20, 30]]","[10, 19, 17, 16, 13, 30, 9, 16, 3, 1, 20, 30]",1.0,-1.0,Empty,1,VERB
934,кем,3,1,['кем'],"[[12, 6, 14]]","[12, 6, 14]",1.0,-1.0,Empty,1,NOMIN
940,эти,3,2,"['э', 'ти']","[[31], [20, 10]]","[31, 20, 10]",1.0,-1.0,Empty,1,NOMIN
942,таятся,6,3,"['та', 'ят', 'ся']","[[20, 1], [33, 20], [19, 33]]","[20, 1, 33, 20, 19, 33]",1.0,-1.0,Empty,1,VERB
947,медленно,8,3,"['мед', 'лен', 'но']","[[14, 6, 5], [13, 6, 15], [15, 16]]","[14, 6, 5, 13, 6, 15, 15, 16]",1.0,-1.0,Empty,1,STATE
948,открывает,9,4,"['отк', 'ры', 'ва', 'ет']","[[16, 20, 12], [18, 29], [3, 1], [6, 20]]","[16, 20, 12, 18, 29, 3, 1, 6, 20]",1.0,-1.0,Empty,1,VERB
951,видит,5,2,"['ви', 'дит']","[[3, 10], [5, 10, 20]]","[3, 10, 5, 10, 20]",1.0,-1.0,Empty,1,VERB
954,улице,5,3,"['у', 'ли', 'це']","[[21], [13, 10], [24, 6]]","[21, 13, 10, 24, 6]",1.0,-1.0,Empty,1,NOUN
955,темно,5,2,"['тем', 'но']","[[20, 6, 14], [15, 16]]","[20, 6, 14, 15, 16]",1.0,-1.0,Empty,1,STATE
957,немного,7,3,"['нем', 'но', 'го']","[[15, 6, 14], [15, 16], [4, 16]]","[15, 6, 14, 15, 16, 4, 16]",1.0,-1.0,Empty,1,STATE
958,приподнимается,14,6,"['при', 'под', 'ни', 'ма', 'ет', 'ся']","[[17, 18, 10], [17, 16, 5], [15, 10], [14, 1], [6, 20], [19, 33]]","[17, 18, 10, 17, 16, 5, 15, 10, 14, 1, 6, 20, 19, 33]",1.0,-1.0,Empty,1,VERB
960,трет,4,1,['трет'],"[[20, 18, 6, 20]]","[20, 18, 6, 20]",1.0,-1.0,Empty,1,VERB
965,марк,4,1,['марк'],"[[14, 1, 18, 12]]","[14, 1, 18, 12]",1.0,-1.0,Empty,1,NAME
966,спит,4,1,['спит'],"[[19, 17, 10, 20]]","[19, 17, 10, 20]",1.0,-1.0,Empty,1,VERB
967,хотя,4,2,"['хо', 'тя']","[[23, 16], [20, 33]]","[23, 16, 20, 33]",1.0,-1.0,Empty,1,UNION
969,еще,3,2,"['е', 'ще']","[[6], [27, 6]]","[6, 27, 6]",1.0,-1.0,Empty,1,STATE
971,полностью,9,3,"['пол', 'ность', 'ю']","[[17, 16, 13], [15, 16, 19, 20, 30], [32]]","[17, 16, 13, 15, 16, 19, 20, 30, 32]",1.0,-1.0,Empty,1,STATE
972,проснулся,9,3,"['прос', 'нул', 'ся']","[[17, 18, 16, 19], [15, 21, 13], [19, 33]]","[17, 18, 16, 19, 15, 21, 13, 19, 33]",1.0,-1.0,Empty,1,VERB
974,слышит,6,2,"['слы', 'шит']","[[19, 13, 29], [26, 10, 20]]","[19, 13, 29, 26, 10, 20]",1.0,-1.0,Empty,1,VERB
976,шум,3,1,['шум'],"[[26, 21, 14]]","[26, 21, 14]",1.0,-1.0,Empty,1,NOUN
978,понимает,8,4,"['по', 'ни', 'ма', 'ет']","[[17, 16], [15, 10], [14, 1], [6, 20]]","[17, 16, 15, 10, 14, 1, 6, 20]",1.0,-1.0,Empty,1,VERB
980,остальные,9,4,"['ос', 'таль', 'ны', 'е']","[[16, 19], [20, 1, 13, 30], [15, 29], [6]]","[16, 19, 20, 1, 13, 30, 15, 29, 6]",1.0,-1.0,Empty,1,ADJECTIVE
983,спят,4,1,['спят'],"[[19, 17, 33, 20]]","[19, 17, 33, 20]",1.0,-1.0,Empty,1,VERB
985,встает,6,2,"['вста', 'ет']","[[3, 19, 20, 1], [6, 20]]","[3, 19, 20, 1, 6, 20]",1.0,-1.0,Empty,1,VERB
987,кровати,7,3,"['кро', 'ва', 'ти']","[[12, 18, 16], [3, 1], [20, 10]]","[12, 18, 16, 3, 1, 20, 10]",1.0,-1.0,Empty,1,NOUN
989,идет,4,2,"['и', 'дет']","[[10], [5, 6, 20]]","[10, 5, 6, 20]",1.0,-1.0,Empty,1,VERB
991,выходу,6,3,"['вы', 'хо', 'ду']","[[3, 29], [23, 16], [5, 21]]","[3, 29, 23, 16, 5, 21]",1.0,-1.0,Empty,1,NOUN
993,комнаты,7,3,"['ком', 'на', 'ты']","[[12, 16, 14], [15, 1], [20, 29]]","[12, 16, 14, 15, 1, 20, 29]",1.0,-1.0,Empty,1,NOUN
995,смотрит,7,2,"['смот', 'рит']","[[19, 14, 16, 20], [18, 10, 20]]","[19, 14, 16, 20, 18, 10, 20]",1.0,-1.0,Empty,1,VERB
997,улицы,5,3,"['у', 'ли', 'цы']","[[21], [13, 10], [24, 29]]","[21, 13, 10, 24, 29]",1.0,-1.0,Empty,1,NOUN
1002,существ,7,2,"['су', 'ществ']","[[19, 21], [27, 6, 19, 20, 3]]","[19, 21, 27, 6, 19, 20, 3]",1.0,-1.0,Empty,1,NOUN
1004,которых,7,3,"['ко', 'то', 'рых']","[[12, 16], [20, 16], [18, 29, 23]]","[12, 16, 20, 16, 18, 29, 23]",1.0,-1.0,Empty,1,NOMIN
1005,исходит,7,3,"['ис', 'хо', 'дит']","[[10, 19], [23, 16], [5, 10, 20]]","[10, 19, 23, 16, 5, 10, 20]",1.0,-1.0,Empty,1,VERB
1006,угрожающая,10,6,"['уг', 'ро', 'жа', 'ю', 'ща', 'я']","[[21, 4], [18, 16], [8, 1], [32], [27, 1], [33]]","[21, 4, 18, 16, 8, 1, 32, 27, 1, 33]",1.0,-1.0,Empty,1,PRICH
1007,аура,4,3,"['а', 'у', 'ра']","[[1], [21], [18, 1]]","[1, 21, 18, 1]",1.0,-1.0,Empty,1,NOUN
1008,что то,6,5,"['ч', 'т', 'о', ' ', 'то']","[[25], [20], [16], [0], [20, 16]]","[25, 20, 16, 20, 16]",1.0,-1.0,Empty,1,NOMIN
1009,подсказывает,12,5,"['подс', 'ка', 'зы', 'ва', 'ет']","[[17, 16, 5, 19], [12, 1], [9, 29], [3, 1], [6, 20]]","[17, 16, 5, 19, 12, 1, 9, 29, 3, 1, 6, 20]",1.0,-1.0,Empty,1,VERB
1010,ною,3,2,"['но', 'ю']","[[15, 16], [32]]","[15, 16, 32]",1.0,-1.0,Empty,1,VERB
1014,пойти,5,2,"['пой', 'ти']","[[17, 16, 11], [20, 10]]","[17, 16, 11, 20, 10]",1.0,-1.0,Empty,1,VERB
1016,разобраться,11,4,"['ра', 'зоб', 'рать', 'ся']","[[18, 1], [9, 16, 2], [18, 1, 20, 30], [19, 33]]","[18, 1, 9, 16, 2, 18, 1, 20, 30, 19, 33]",1.0,-1.0,Empty,1,VERB
1018,этими,5,3,"['э', 'ти', 'ми']","[[31], [20, 10], [14, 10]]","[31, 20, 10, 14, 10]",1.0,-1.0,Empty,1,NOMIN
1019,существами,10,4,"['су', 'щест', 'ва', 'ми']","[[19, 21], [27, 6, 19, 20], [3, 1], [14, 10]]","[19, 21, 27, 6, 19, 20, 3, 1, 14, 10]",1.0,-1.0,Empty,1,NOUN
1021,замечает,8,4,"['за', 'ме', 'ча', 'ет']","[[9, 1], [14, 6], [25, 1], [6, 20]]","[9, 1, 14, 6, 25, 1, 6, 20]",1.0,-1.0,Empty,1,VERB
1026,тускло,6,2,"['туск', 'ло']","[[20, 21, 19, 12], [13, 16]]","[20, 21, 19, 12, 13, 16]",1.0,-1.0,Empty,1,STATE
1027,горит,5,2,"['го', 'рит']","[[4, 16], [18, 10, 20]]","[4, 16, 18, 10, 20]",1.0,-1.0,Empty,1,VERB
1032,оно,3,2,"['о', 'но']","[[16], [15, 16]]","[16, 15, 16]",1.0,-1.0,Empty,1,NOMIN
1033,реагирует,9,5,"['ре', 'а', 'ги', 'ру', 'ет']","[[18, 6], [1], [4, 10], [18, 21], [6, 20]]","[18, 6, 1, 4, 10, 18, 21, 6, 20]",1.0,-1.0,Empty,1,VERB
1036,темных,6,2,"['тем', 'ных']","[[20, 6, 14], [15, 29, 23]]","[20, 6, 14, 15, 29, 23]",1.0,-1.0,Empty,1,ADJECTIVE
1044,появилось,9,4,"['по', 'я', 'ви', 'лось']","[[17, 16], [33], [3, 10], [13, 16, 19, 30]]","[17, 16, 33, 3, 10, 13, 16, 19, 30]",1.0,-1.0,Empty,1,VERB
1046,больше,6,2,"['боль', 'ше']","[[2, 16, 13, 30], [26, 6]]","[2, 16, 13, 30, 26, 6]",1.0,-1.0,Empty,1,ADJECTIVE
1047,причин,6,2,"['при', 'чин']","[[17, 18, 10], [25, 10, 15]]","[17, 18, 10, 25, 10, 15]",1.0,-1.0,Empty,1,NOUN
1048,встретиться,11,3,"['встре', 'тить', 'ся']","[[3, 19, 20, 18, 6], [20, 10, 20, 30], [19, 33]]","[3, 19, 20, 18, 6, 20, 10, 20, 30, 19, 33]",1.0,-1.0,Empty,1,VERB
1049,лицом,5,2,"['ли', 'цом']","[[13, 10], [24, 16, 14]]","[13, 10, 24, 16, 14]",1.0,-1.0,Empty,1,NOUN
1051,лицу,4,2,"['ли', 'цу']","[[13, 10], [24, 21]]","[13, 10, 24, 21]",1.0,-1.0,Empty,1,NOUN
1057,стал,4,1,['стал'],"[[19, 20, 1, 13]]","[19, 20, 1, 13]",1.0,-1.0,Empty,1,VERB
1058,будить,6,2,"['бу', 'дить']","[[2, 21], [5, 10, 20, 30]]","[2, 21, 5, 10, 20, 30]",1.0,-1.0,Empty,1,VERB
1059,марка,5,2,"['мар', 'ка']","[[14, 1, 18], [12, 1]]","[14, 1, 18, 12, 1]",1.0,-1.0,Empty,1,NOUN
1062,решил,5,2,"['ре', 'шил']","[[18, 6], [26, 10, 13]]","[18, 6, 26, 10, 13]",1.0,-1.0,Empty,1,VERB
1067,подвергаться,12,4,"['под', 'вер', 'гать', 'ся']","[[17, 16, 5], [3, 6, 18], [4, 1, 20, 30], [19, 33]]","[17, 16, 5, 3, 6, 18, 4, 1, 20, 30, 19, 33]",1.0,-1.0,Empty,1,VERB
1068,опасности,9,4,"['о', 'пас', 'нос', 'ти']","[[16], [17, 1, 19], [15, 16, 19], [20, 10]]","[16, 17, 1, 19, 15, 16, 19, 20, 10]",1.0,-1.0,Empty,1,NOUN
1071,личное,6,3,"['лич', 'но', 'е']","[[13, 10, 25], [15, 16], [6]]","[13, 10, 25, 15, 16, 6]",1.0,-1.0,Empty,1,ADJECTIVE
1072,дело,4,2,"['де', 'ло']","[[5, 6], [13, 16]]","[5, 6, 13, 16]",1.0,-1.0,Empty,1,VERB
1074,услышал,7,3,"['ус', 'лы', 'шал']","[[21, 19], [13, 29], [26, 1, 13]]","[21, 19, 13, 29, 26, 1, 13]",1.0,-1.0,Empty,1,VERB
1075,крик,4,1,['крик'],"[[12, 18, 10, 12]]","[12, 18, 10, 12]",1.0,-1.0,Empty,1,NOUN
1076,доносящийся,11,5,"['до', 'но', 'ся', 'щий', 'ся']","[[5, 16], [15, 16], [19, 33], [27, 10, 11], [19, 33]]","[5, 16, 15, 16, 19, 33, 27, 10, 11, 19, 33]",1.0,-1.0,Empty,1,PRICH
1080,поспешил,8,3,"['пос', 'пе', 'шил']","[[17, 16, 19], [17, 6], [26, 10, 13]]","[17, 16, 19, 17, 6, 26, 10, 13]",1.0,-1.0,Empty,1,VERB
1081,выйти,5,2,"['вый', 'ти']","[[3, 29, 11], [20, 10]]","[3, 29, 11, 20, 10]",1.0,-1.0,Empty,1,VERB
1085,выбежал,7,3,"['вы', 'бе', 'жал']","[[3, 29], [2, 6], [8, 1, 13]]","[3, 29, 2, 6, 8, 1, 13]",1.0,-1.0,Empty,1,VERB
1087,улицу,5,3,"['у', 'ли', 'цу']","[[21], [13, 10], [24, 21]]","[21, 13, 10, 24, 21]",1.0,-1.0,Empty,1,NOUN
1091,какое-то,8,5,"['ка', 'ко', 'е', '-', 'то']","[[12, 1], [12, 16], [6], [65], [20, 16]]","[12, 1, 12, 16, 6, 65, 20, 16]",1.0,-1.0,Empty,1,NOMIN
1092,темное,6,3,"['тем', 'но', 'е']","[[20, 6, 14], [15, 16], [6]]","[20, 6, 14, 15, 16, 6]",1.0,-1.0,Empty,1,ADJECTIVE
1093,существо,8,3,"['су', 'щест', 'во']","[[19, 21], [27, 6, 19, 20], [3, 16]]","[19, 21, 27, 6, 19, 20, 3, 16]",1.0,-1.0,Empty,1,NOUN
1094,разрывает,9,4,"['раз', 'ры', 'ва', 'ет']","[[18, 1, 9], [18, 29], [3, 1], [6, 20]]","[18, 1, 9, 18, 29, 3, 1, 6, 20]",1.0,-1.0,Empty,1,VERB
1096,части,5,2,"['час', 'ти']","[[25, 1, 19], [20, 10]]","[25, 1, 19, 20, 10]",1.0,-1.0,Empty,1,VERB
1097,случайную,9,4,"['слу', 'чай', 'ну', 'ю']","[[19, 13, 21], [25, 1, 11], [15, 21], [32]]","[19, 13, 21, 25, 1, 11, 15, 21, 32]",1.0,-1.0,Empty,1,ADJECTIVE
1100,чуть,4,1,['чуть'],"[[25, 21, 20, 30]]","[25, 21, 20, 30]",1.0,-1.0,Empty,1,STATE
1102,стошнило,8,3,"['стош', 'ни', 'ло']","[[19, 20, 16, 26], [15, 10], [13, 16]]","[19, 20, 16, 26, 15, 10, 13, 16]",1.0,-1.0,Empty,1,VERB
1104,этого,5,3,"['э', 'то', 'го']","[[31], [20, 16], [4, 16]]","[31, 20, 16, 4, 16]",1.0,-1.0,Empty,1,NOMIN
1105,зрелища,7,3,"['зре', 'ли', 'ща']","[[9, 18, 6], [13, 10], [27, 1]]","[9, 18, 6, 13, 10, 27, 1]",1.0,-1.0,Empty,1,NOUN
1107,подавив,7,3,"['по', 'да', 'вив']","[[17, 16], [5, 1], [3, 10, 3]]","[17, 16, 5, 1, 3, 10, 3]",1.0,-1.0,Empty,1,DEPRICH
1108,страх,5,1,['страх'],"[[19, 20, 18, 1, 23]]","[19, 20, 18, 1, 23]",1.0,-1.0,Empty,1,STATE
1111,окликнуть,9,3,"['ок', 'лик', 'нуть']","[[16, 12], [13, 10, 12], [15, 21, 20, 30]]","[16, 12, 13, 10, 12, 15, 21, 20, 30]",1.0,-1.0,Empty,1,VERB
1115,тот,3,1,['тот'],"[[20, 16, 20]]","[20, 16, 20]",1.0,-1.0,Empty,1,NOMIN
1116,самый,5,2,"['са', 'мый']","[[19, 1], [14, 29, 11]]","[19, 1, 14, 29, 11]",1.0,-1.0,Empty,1,NOMIN
1117,момент,6,2,"['мо', 'мент']","[[14, 16], [14, 6, 15, 20]]","[14, 16, 14, 6, 15, 20]",1.0,-1.0,Empty,1,NOUN
1120,страшную,8,3,"['страш', 'ну', 'ю']","[[19, 20, 18, 1, 26], [15, 21], [32]]","[19, 20, 18, 1, 26, 15, 21, 32]",1.0,-1.0,Empty,1,ADJECTIVE
1121,жажду,5,2,"['жаж', 'ду']","[[8, 1, 8], [5, 21]]","[8, 1, 8, 5, 21]",1.0,-1.0,Empty,1,NOUN
1122,крови,5,2,"['кро', 'ви']","[[12, 18, 16], [3, 10]]","[12, 18, 16, 3, 10]",1.0,-1.0,Empty,1,NOUN
1124,существа,8,3,"['су', 'щест', 'ва']","[[19, 21], [27, 6, 19, 20], [3, 1]]","[19, 21, 27, 6, 19, 20, 3, 1]",1.0,-1.0,Empty,1,NOUN
1127,скован,6,2,"['ско', 'ван']","[[19, 12, 16], [3, 1, 15]]","[19, 12, 16, 3, 1, 15]",1.0,-1.0,Empty,1,ADJECTIVE
1128,страхом,7,2,"['стра', 'хом']","[[19, 20, 18, 1], [23, 16, 14]]","[19, 20, 18, 1, 23, 16, 14]",1.0,-1.0,Empty,1,NOUN
1130,успев,5,2,"['ус', 'пев']","[[21, 19], [17, 6, 3]]","[21, 19, 17, 6, 3]",1.0,-1.0,Empty,1,DEPRICH
1132,понять,6,2,"['по', 'нять']","[[17, 16], [15, 33, 20, 30]]","[17, 16, 15, 33, 20, 30]",1.0,-1.0,Empty,1,VERB
1134,нанесло,7,3,"['на', 'нес', 'ло']","[[15, 1], [15, 6, 19], [13, 16]]","[15, 1, 15, 6, 19, 13, 16]",1.0,-1.0,Empty,1,VERB
1135,удар,4,2,"['у', 'дар']","[[21], [5, 1, 18]]","[21, 5, 1, 18]",1.0,-1.0,Empty,1,NOUN
1136,пробив,6,2,"['про', 'бив']","[[17, 18, 16], [2, 10, 3]]","[17, 18, 16, 2, 10, 3]",1.0,-1.0,Empty,1,DEPRICH
1137,своими,6,3,"['сво', 'и', 'ми']","[[19, 3, 16], [10], [14, 10]]","[19, 3, 16, 10, 14, 10]",1.0,-1.0,Empty,1,NOMIN
1138,когтями,7,3,"['ког', 'тя', 'ми']","[[12, 16, 4], [20, 33], [14, 10]]","[12, 16, 4, 20, 33, 14, 10]",1.0,-1.0,Empty,1,NOUN
1139,грудь,5,1,['грудь'],"[[4, 18, 21, 5, 30]]","[4, 18, 21, 5, 30]",1.0,-1.0,Empty,1,NOUN
1144,пытался,7,3,"['пы', 'тал', 'ся']","[[17, 29], [20, 1, 13], [19, 33]]","[17, 29, 20, 1, 13, 19, 33]",1.0,-1.0,Empty,1,VERB
1145,дышать,6,2,"['ды', 'шать']","[[5, 29], [26, 1, 20, 30]]","[5, 29, 26, 1, 20, 30]",1.0,-1.0,Empty,1,VERB
1147,затем,5,2,"['за', 'тем']","[[9, 1], [20, 6, 14]]","[9, 1, 20, 6, 14]",1.0,-1.0,Empty,1,STATE
1149,сердце,6,2,"['серд', 'це']","[[19, 6, 18, 5], [24, 6]]","[19, 6, 18, 5, 24, 6]",1.0,-1.0,Empty,1,NOUN
1151,разорвано,9,4,"['ра', 'зор', 'ва', 'но']","[[18, 1], [9, 16, 18], [3, 1], [15, 16]]","[18, 1, 9, 16, 18, 3, 1, 15, 16]",1.0,-1.0,Empty,1,PRICH
1153,куски,5,2,"['кус', 'ки']","[[12, 21, 19], [12, 10]]","[12, 21, 19, 12, 10]",1.0,-1.0,Empty,1,NOUN
1155,следующую,9,5,"['сле', 'ду', 'ю', 'щу', 'ю']","[[19, 13, 6], [5, 21], [32], [27, 21], [32]]","[19, 13, 6, 5, 21, 32, 27, 21, 32]",1.0,-1.0,Empty,1,ADJECTIVE
1156,секунду,7,3,"['се', 'кун', 'ду']","[[19, 6], [12, 21, 15], [5, 21]]","[19, 6, 12, 21, 15, 5, 21]",1.0,-1.0,Empty,1,NOUN
1159,тень,4,1,['тень'],"[[20, 6, 15, 30]]","[20, 6, 15, 30]",1.0,-1.0,Empty,1,NOUN
1161,одним,5,2,"['од', 'ним']","[[16, 5], [15, 10, 14]]","[16, 5, 15, 10, 14]",1.0,-1.0,Empty,1,NOMIN
1162,ударом,6,3,"['у', 'да', 'ром']","[[21], [5, 1], [18, 16, 14]]","[21, 5, 1, 18, 16, 14]",1.0,-1.0,Empty,1,NOUN
1163,убила,5,3,"['у', 'би', 'ла']","[[21], [2, 10], [13, 1]]","[21, 2, 10, 13, 1]",1.0,-1.0,Empty,1,VERB
1165,страшное,8,3,"['страш', 'но', 'е']","[[19, 20, 18, 1, 26], [15, 16], [6]]","[19, 20, 18, 1, 26, 15, 16, 6]",1.0,-1.0,Empty,1,ADJECTIVE
1168,привезла,8,3,"['при', 'вез', 'ла']","[[17, 18, 10], [3, 6, 9], [13, 1]]","[17, 18, 10, 3, 6, 9, 13, 1]",1.0,-1.0,Empty,1,VERB
1170,домой,5,2,"['до', 'мой']","[[5, 16], [14, 16, 11]]","[5, 16, 14, 16, 11]",1.0,-1.0,Empty,1,STATE
1172,поместила,9,4,"['по', 'мес', 'ти', 'ла']","[[17, 16], [14, 6, 19], [20, 10], [13, 1]]","[17, 16, 14, 6, 19, 20, 10, 13, 1]",1.0,-1.0,Empty,1,VERB
1175,свой,4,1,['свой'],"[[19, 3, 16, 11]]","[19, 3, 16, 11]",1.0,-1.0,Empty,1,NOMIN
1176,личный,6,2,"['лич', 'ный']","[[13, 10, 25], [15, 29, 11]]","[13, 10, 25, 15, 29, 11]",1.0,-1.0,Empty,1,ADJECTIVE
1177,медицинский,11,4,"['ме', 'ди', 'цинс', 'кий']","[[14, 6], [5, 10], [24, 10, 15, 19], [12, 10, 11]]","[14, 6, 5, 10, 24, 10, 15, 19, 12, 10, 11]",1.0,-1.0,Empty,1,ADJECTIVE
1178,центр,5,1,['центр'],"[[24, 6, 15, 20, 18]]","[24, 6, 15, 20, 18]",1.0,-1.0,Empty,1,NOUN
1179,со,2,1,['со'],"[[19, 16]]","[19, 16]",1.0,-1.0,Empty,1,PREPOS
1180,всем,4,1,['всем'],"[[3, 19, 6, 14]]","[3, 19, 6, 14]",1.0,-1.0,Empty,1,NOMIN
1181,оборудованием,13,7,"['о', 'бо', 'ру', 'до', 'ва', 'ни', 'ем']","[[16], [2, 16], [18, 21], [5, 16], [3, 1], [15, 10], [6, 14]]","[16, 2, 16, 18, 21, 5, 16, 3, 1, 15, 10, 6, 14]",1.0,-1.0,Empty,1,NOUN
1183,повседневной,12,4,"['пов', 'сед', 'нев', 'ной']","[[17, 16, 3], [19, 6, 5], [15, 6, 3], [15, 16, 11]]","[17, 16, 3, 19, 6, 5, 15, 6, 3, 15, 16, 11]",1.0,-1.0,Empty,1,ADJECTIVE
1184,жизни,5,2,"['жиз', 'ни']","[[8, 10, 9], [15, 10]]","[8, 10, 9, 15, 10]",1.0,-1.0,Empty,1,NOUN
1186,является,8,4,"['яв', 'ля', 'ет', 'ся']","[[33, 3], [13, 33], [6, 20], [19, 33]]","[33, 3, 13, 33, 6, 20, 19, 33]",1.0,-1.0,Empty,1,VERB
1187,высококвалифицированным,23,10,"['вы', 'со', 'кок', 'ва', 'ли', 'фи', 'ци', 'ро', 'ван', 'ным']","[[3, 29], [19, 16], [12, 16, 12], [3, 1], [13, 10], [22, 10], [24, 10], [18, 16], [3, 1, 15], [15, 29, 14]]","[3, 29, 19, 16, 12, 16, 12, 3, 1, 13, 10, 22, 10, 24, 10, 18, 16, 3, 1, 15, 15, 29, 14]",1.0,-1.0,Empty,1,ADJECTIVE
1188,врачом,6,2,"['вра', 'чом']","[[3, 18, 1], [25, 16, 14]]","[3, 18, 1, 25, 16, 14]",1.0,-1.0,Empty,1,NOUN
1189,благодаря,9,4,"['бла', 'го', 'да', 'ря']","[[2, 13, 1], [4, 16], [5, 1], [18, 33]]","[2, 13, 1, 4, 16, 5, 1, 18, 33]",1.0,-1.0,Empty,1,PREPOS
1190,силе,4,2,"['си', 'ле']","[[19, 10], [13, 6]]","[19, 10, 13, 6]",1.0,-1.0,Empty,1,NOUN
1191,демонида,8,4,"['де', 'мо', 'ни', 'да']","[[5, 6], [14, 16], [15, 10], [5, 1]]","[5, 6, 14, 16, 15, 10, 5, 1]",1.0,-1.0,Empty,1,NOUN
1193,обладает,8,4,"['об', 'ла', 'да', 'ет']","[[16, 2], [13, 1], [5, 1], [6, 20]]","[16, 2, 13, 1, 5, 1, 6, 20]",1.0,-1.0,Empty,1,VERB
1194,способностью,12,4,"['спо', 'соб', 'ность', 'ю']","[[19, 17, 16], [19, 16, 2], [15, 16, 19, 20, 30], [32]]","[19, 17, 16, 19, 16, 2, 15, 16, 19, 20, 30, 32]",1.0,-1.0,Empty,1,NOUN
1195,визуально,9,4,"['ви', 'зу', 'аль', 'но']","[[3, 10], [9, 21], [1, 13, 30], [15, 16]]","[3, 10, 9, 21, 1, 13, 30, 15, 16]",1.0,-1.0,Empty,1,STATE
1196,определять,10,4,"['оп', 'ре', 'де', 'лять']","[[16, 17], [18, 6], [5, 6], [13, 33, 20, 30]]","[16, 17, 18, 6, 5, 6, 13, 33, 20, 30]",1.0,-1.0,Empty,1,VERB
1197,состояние,9,5,"['сос', 'то', 'я', 'ни', 'е']","[[19, 16, 19], [20, 16], [33], [15, 10], [6]]","[19, 16, 19, 20, 16, 33, 15, 10, 6]",1.0,-1.0,Empty,1,NOUN
1200,кого,4,2,"['ко', 'го']","[[12, 16], [4, 16]]","[12, 16, 4, 16]",1.0,-1.0,Empty,1,NOMIN
1202,подключив,9,3,"['подк', 'лю', 'чив']","[[17, 16, 5, 12], [13, 32], [25, 10, 3]]","[17, 16, 5, 12, 13, 32, 25, 10, 3]",1.0,-1.0,Empty,1,DEPRICH
1205,капельнице,10,4,"['ка', 'пель', 'ни', 'це']","[[12, 1], [17, 6, 13, 30], [15, 10], [24, 6]]","[12, 1, 17, 6, 13, 30, 15, 10, 24, 6]",1.0,-1.0,Empty,1,NOUN
1208,стабилизировалось,17,7,"['ста', 'би', 'ли', 'зи', 'ро', 'ва', 'лось']","[[19, 20, 1], [2, 10], [13, 10], [9, 10], [18, 16], [3, 1], [13, 16, 19, 30]]","[19, 20, 1, 2, 10, 13, 10, 9, 10, 18, 16, 3, 1, 13, 16, 19, 30]",1.0,-1.0,Empty,1,VERB
1210,нонсенс,7,2,"['нон', 'сенс']","[[15, 16, 15], [19, 6, 15, 19]]","[15, 16, 15, 19, 6, 15, 19]",1.0,-1.0,Empty,1,NOUN
1214,выживает,8,4,"['вы', 'жи', 'ва', 'ет']","[[3, 29], [8, 10], [3, 1], [6, 20]]","[3, 29, 8, 10, 3, 1, 6, 20]",1.0,-1.0,Empty,1,VERB
1217,раной,5,2,"['ра', 'ной']","[[18, 1], [15, 16, 11]]","[18, 1, 15, 16, 11]",1.0,-1.0,Empty,1,NOUN
1221,тяжелое,7,4,"['тя', 'же', 'ло', 'е']","[[20, 33], [8, 6], [13, 16], [6]]","[20, 33, 8, 6, 13, 16, 6]",1.0,-1.0,Empty,1,ADJECTIVE
1222,сейчас,6,2,"['сей', 'час']","[[19, 6, 11], [25, 1, 19]]","[19, 6, 11, 25, 1, 19]",1.0,-1.0,Empty,1,STATE
1225,ничто,5,2,"['нич', 'то']","[[15, 10, 25], [20, 16]]","[15, 10, 25, 20, 16]",1.0,-1.0,Empty,1,NOMIN
1227,угрожает,8,4,"['уг', 'ро', 'жа', 'ет']","[[21, 4], [18, 16], [8, 1], [6, 20]]","[21, 4, 18, 16, 8, 1, 6, 20]",1.0,-1.0,Empty,1,VERB
1229,верю,4,2,"['ве', 'рю']","[[3, 6], [18, 32]]","[3, 6, 18, 32]",1.0,-1.0,Empty,1,VERB
1233,лежать,6,2,"['ле', 'жать']","[[13, 6], [8, 1, 20, 30]]","[13, 6, 8, 1, 20, 30]",1.0,-1.0,Empty,1,VERB
1235,коме,4,2,"['ко', 'ме']","[[12, 16], [14, 6]]","[12, 16, 14, 6]",1.0,-1.0,Empty,1,NOUN
1237,три,3,1,['три'],"[[20, 18, 10]]","[20, 18, 10]",1.0,-1.0,Empty,1,VERB
1238,месяца,6,3,"['ме', 'ся', 'ца']","[[14, 6], [19, 33], [24, 1]]","[14, 6, 19, 33, 24, 1]",1.0,-1.0,Empty,1,NOUN
1239,прежде,6,2,"['преж', 'де']","[[17, 18, 6, 8], [5, 6]]","[17, 18, 6, 8, 5, 6]",1.0,-1.0,Empty,1,STATE
1241,очнется,7,3,"['оч', 'нет', 'ся']","[[16, 25], [15, 6, 20], [19, 33]]","[16, 25, 15, 6, 20, 19, 33]",1.0,-1.0,Empty,1,VERB
1242,эта,3,2,"['э', 'та']","[[31], [20, 1]]","[31, 20, 1]",1.0,-1.0,Empty,1,NOMIN
1243,рана,4,2,"['ра', 'на']","[[18, 1], [15, 1]]","[18, 1, 15, 1]",1.0,-1.0,Empty,1,NOUN
1245,пройдет,7,2,"['прой', 'дет']","[[17, 18, 16, 11], [5, 6, 20]]","[17, 18, 16, 11, 5, 6, 20]",1.0,-1.0,Empty,1,VERB
1246,бесследно,9,3,"['бесс', 'лед', 'но']","[[2, 6, 19, 19], [13, 6, 5], [15, 16]]","[2, 6, 19, 19, 13, 6, 5, 15, 16]",1.0,-1.0,Empty,1,STATE
1252,чудо,4,2,"['чу', 'до']","[[25, 21], [5, 16]]","[25, 21, 5, 16]",1.0,-1.0,Empty,1,NOUN
1256,жить,4,1,['жить'],"[[8, 10, 20, 30]]","[8, 10, 20, 30]",1.0,-1.0,Empty,1,VERB
1257,пойми,5,2,"['пой', 'ми']","[[17, 16, 11], [14, 10]]","[17, 16, 11, 14, 10]",1.0,-1.0,Empty,1,VERB
1263,неприятны,9,4,"['неп', 'ри', 'ят', 'ны']","[[15, 6, 17], [18, 10], [33, 20], [15, 29]]","[15, 6, 17, 18, 10, 33, 20, 15, 29]",1.0,-1.0,Empty,1,ADJECTIVE
1265,внезапное,9,4,"['вне', 'зап', 'но', 'е']","[[3, 15, 6], [9, 1, 17], [15, 16], [6]]","[3, 15, 6, 9, 1, 17, 15, 16, 6]",1.0,-1.0,Empty,1,ADJECTIVE
1266,появление,9,5,"['по', 'яв', 'ле', 'ни', 'е']","[[17, 16], [33, 3], [13, 6], [15, 10], [6]]","[17, 16, 33, 3, 13, 6, 15, 10, 6]",1.0,-1.0,Empty,1,NOUN
1272,мире,4,2,"['ми', 'ре']","[[14, 10], [18, 6]]","[14, 10, 18, 6]",1.0,-1.0,Empty,1,NOUN
1275,бездны,6,2,"['безд', 'ны']","[[2, 6, 9, 5], [15, 29]]","[2, 6, 9, 5, 15, 29]",1.0,-1.0,Empty,1,NOUN
1276,твое,4,2,"['тво', 'е']","[[20, 3, 16], [6]]","[20, 3, 16, 6]",1.0,-1.0,Empty,1,NOMIN
1277,необъяснимое,12,6,"['не', 'объ', 'яс', 'ни', 'мо', 'е']","[[15, 6], [16, 2, 28], [33, 19], [15, 10], [14, 16], [6]]","[15, 6, 16, 2, 28, 33, 19, 15, 10, 14, 16, 6]",1.0,-1.0,Empty,1,ADJECTIVE
1278,поведение,9,5,"['по', 'ве', 'де', 'ни', 'е']","[[17, 16], [3, 6], [5, 6], [15, 10], [6]]","[17, 16, 3, 6, 5, 6, 15, 10, 6]",1.0,-1.0,Empty,1,NOUN
1280,ту,2,1,['ту'],"[[20, 21]]","[20, 21]",1.0,-1.0,Empty,1,NOMIN
1281,ночь,4,1,['ночь'],"[[15, 16, 25, 30]]","[15, 16, 25, 30]",1.0,-1.0,Empty,1,NOUN
1285,связаться,9,3,"['свя', 'зать', 'ся']","[[19, 3, 33], [9, 1, 20, 30], [19, 33]]","[19, 3, 33, 9, 1, 20, 30, 19, 33]",1.0,-1.0,Empty,1,VERB
1287,этим,4,2,"['э', 'тим']","[[31], [20, 10, 14]]","[31, 20, 10, 14]",1.0,-1.0,Empty,1,NOMIN
1288,существом,9,3,"['су', 'щест', 'вом']","[[19, 21], [27, 6, 19, 20], [3, 16, 14]]","[19, 21, 27, 6, 19, 20, 3, 16, 14]",1.0,-1.0,Empty,1,NOUN
1290,то,2,1,['то'],"[[20, 16]]","[20, 16]",1.0,-1.0,Empty,1,NOMIN
1293,выжил,5,2,"['вы', 'жил']","[[3, 29], [8, 10, 13]]","[3, 29, 8, 10, 13]",1.0,-1.0,Empty,1,VERB
1295,такого,6,3,"['та', 'ко', 'го']","[[20, 1], [12, 16], [4, 16]]","[20, 1, 12, 16, 4, 16]",1.0,-1.0,Empty,1,NOMIN
1296,ранения,7,4,"['ра', 'не', 'ни', 'я']","[[18, 1], [15, 6], [15, 10], [33]]","[18, 1, 15, 6, 15, 10, 33]",1.0,-1.0,Empty,1,NOUN
1298,помощью,7,3,"['по', 'мощь', 'ю']","[[17, 16], [14, 16, 27, 30], [32]]","[17, 16, 14, 16, 27, 30, 32]",1.0,-1.0,Empty,1,NOUN
1301,подобной,8,3,"['по', 'доб', 'ной']","[[17, 16], [5, 16, 2], [15, 16, 11]]","[17, 16, 5, 16, 2, 15, 16, 11]",1.0,-1.0,Empty,1,ADJECTIVE
1302,той,3,1,['той'],"[[20, 16, 11]]","[20, 16, 11]",1.0,-1.0,Empty,1,NOUN
1312,думаете,7,4,"['ду', 'ма', 'е', 'те']","[[5, 21], [14, 1], [6], [20, 6]]","[5, 21, 14, 1, 6, 20, 6]",1.0,-1.0,Empty,1,VERB
1313,обо,3,2,"['о', 'бо']","[[16], [2, 16]]","[16, 2, 16]",1.0,-1.0,Empty,1,PREPOS
1315,считаете,8,4,"['счи', 'та', 'е', 'те']","[[19, 25, 10], [20, 1], [6], [20, 6]]","[19, 25, 10, 20, 1, 6, 20, 6]",1.0,-1.0,Empty,1,VERB
1324,убить,5,2,"['у', 'бить']","[[21], [2, 10, 20, 30]]","[21, 2, 10, 20, 30]",1.0,-1.0,Empty,1,VERB
1327,любой,5,2,"['лю', 'бой']","[[13, 32], [2, 16, 11]]","[13, 32, 2, 16, 11]",1.0,-1.0,Empty,1,NOUN
1331,фарс,4,1,['фарс'],"[[22, 1, 18, 19]]","[22, 1, 18, 19]",1.0,-1.0,Empty,1,NOUN
1334,устроили,8,4,"['ус', 'тро', 'и', 'ли']","[[21, 19], [20, 18, 16], [10], [13, 10]]","[21, 19, 20, 18, 16, 10, 13, 10]",1.0,-1.0,Empty,1,VERB
1335,разве,5,2,"['раз', 'ве']","[[18, 1, 9], [3, 6]]","[18, 1, 9, 3, 6]",1.0,-1.0,Empty,1,UNION
1338,хорошие,7,4,"['хо', 'ро', 'ши', 'е']","[[23, 16], [18, 16], [26, 10], [6]]","[23, 16, 18, 16, 26, 10, 6]",1.0,-1.0,Empty,1,ADJECTIVE
1339,друзья,6,2,"['друзь', 'я']","[[5, 18, 21, 9, 30], [33]]","[5, 18, 21, 9, 30, 33]",1.0,-1.0,Empty,1,NOUN
1346,оба,3,2,"['о', 'ба']","[[16], [2, 1]]","[16, 2, 1]",1.0,-1.0,Empty,1,NUMIN
1348,воспоминаний,12,5,"['вос', 'по', 'ми', 'на', 'ний']","[[3, 16, 19], [17, 16], [14, 10], [15, 1], [15, 10, 11]]","[3, 16, 19, 17, 16, 14, 10, 15, 1, 15, 10, 11]",1.0,-1.0,Empty,1,NOUN
1351,зная,4,2,"['зна', 'я']","[[9, 15, 1], [33]]","[9, 15, 1, 33]",1.0,-1.0,Empty,1,DEPRICH
1356,какого,6,3,"['ка', 'ко', 'го']","[[12, 1], [12, 16], [4, 16]]","[12, 1, 12, 16, 4, 16]",1.0,-1.0,Empty,1,NOMIN
1357,черта,5,2,"['чер', 'та']","[[25, 6, 18], [20, 1]]","[25, 6, 18, 20, 1]",1.0,-1.0,Empty,1,NOUN
1359,теперь,6,2,"['те', 'перь']","[[20, 6], [17, 6, 18, 30]]","[20, 6, 17, 6, 18, 30]",1.0,-1.0,Empty,1,STATE
1360,угрожаете,9,5,"['уг', 'ро', 'жа', 'е', 'те']","[[21, 4], [18, 16], [8, 1], [6], [20, 6]]","[21, 4, 18, 16, 8, 1, 6, 20, 6]",1.0,-1.0,Empty,1,VERB
1361,друг,4,1,['друг'],"[[5, 18, 21, 4]]","[5, 18, 21, 4]",1.0,-1.0,Empty,1,NOUN
1362,другу,5,2,"['дру', 'гу']","[[5, 18, 21], [4, 21]]","[5, 18, 21, 4, 21]",1.0,-1.0,Empty,1,NOUN
1387,выехал,6,3,"['вы', 'е', 'хал']","[[3, 29], [6], [23, 1, 13]]","[3, 29, 6, 23, 1, 13]",1.0,-1.0,Empty,1,VERB
1390,глубоко,7,3,"['глу', 'бо', 'ко']","[[4, 13, 21], [2, 16], [12, 16]]","[4, 13, 21, 2, 16, 12, 16]",1.0,-1.0,Empty,1,STATE
1391,задумавшись,11,4,"['за', 'ду', 'мав', 'шись']","[[9, 1], [5, 21], [14, 1, 3], [26, 10, 19, 30]]","[9, 1, 5, 21, 14, 1, 3, 26, 10, 19, 30]",1.0,-1.0,Empty,1,DEPRICH
1409,ностальгии,10,4,"['нос', 'таль', 'ги', 'и']","[[15, 16, 19], [20, 1, 13, 30], [4, 10], [10]]","[15, 16, 19, 20, 1, 13, 30, 4, 10, 10]",1.0,-1.0,Empty,1,NOUN
1410,заставило,9,4,"['зас', 'та', 'ви', 'ло']","[[9, 1, 19], [20, 1], [3, 10], [13, 16]]","[9, 1, 19, 20, 1, 3, 10, 13, 16]",1.0,-1.0,Empty,1,VERB
1412,приехать,8,3,"['при', 'е', 'хать']","[[17, 18, 10], [6], [23, 1, 20, 30]]","[17, 18, 10, 6, 23, 1, 20, 30]",1.0,-1.0,Empty,1,VERB
1414,каньон,6,2,"['кань', 'он']","[[12, 1, 15, 30], [16, 15]]","[12, 1, 15, 30, 16, 15]",1.0,-1.0,Empty,1,NOUN
1416,припарковал,11,4,"['при', 'пар', 'ко', 'вал']","[[17, 18, 10], [17, 1, 18], [12, 16], [3, 1, 13]]","[17, 18, 10, 17, 1, 18, 12, 16, 3, 1, 13]",1.0,-1.0,Empty,1,VERB
1419,сел,3,1,['сел'],"[[19, 6, 13]]","[19, 6, 13]",1.0,-1.0,Empty,1,VERB
1420,медитировать,12,5,"['ме', 'ди', 'ти', 'ро', 'вать']","[[14, 6], [5, 10], [20, 10], [18, 16], [3, 1, 20, 30]]","[14, 6, 5, 10, 20, 10, 18, 16, 3, 1, 20, 30]",1.0,-1.0,Empty,1,VERB
1423,мог,3,1,['мог'],"[[14, 16, 4]]","[14, 16, 4]",1.0,-1.0,Empty,1,VERB
1424,найти,5,2,"['най', 'ти']","[[15, 1, 11], [20, 10]]","[15, 1, 11, 20, 10]",1.0,-1.0,Empty,1,VERB
1425,покой,5,2,"['по', 'кой']","[[17, 16], [12, 16, 11]]","[17, 16, 12, 16, 11]",1.0,-1.0,Empty,1,VERB
1427,погрузился,10,4,"['пог', 'ру', 'зил', 'ся']","[[17, 16, 4], [18, 21], [9, 10, 13], [19, 33]]","[17, 16, 4, 18, 21, 9, 10, 13, 19, 33]",1.0,-1.0,Empty,1,VERB
1432,оказался,8,4,"['о', 'ка', 'зал', 'ся']","[[16], [12, 1], [9, 1, 13], [19, 33]]","[16, 12, 1, 9, 1, 13, 19, 33]",1.0,-1.0,Empty,1,VERB
1434,бесконечной,11,4,"['бес', 'ко', 'неч', 'ной']","[[2, 6, 19], [12, 16], [15, 6, 25], [15, 16, 11]]","[2, 6, 19, 12, 16, 15, 6, 25, 15, 16, 11]",1.0,-1.0,Empty,1,ADJECTIVE
1435,белой,5,2,"['бе', 'лой']","[[2, 6], [13, 16, 11]]","[2, 6, 13, 16, 11]",1.0,-1.0,Empty,1,ADJECTIVE
1436,комнате,7,3,"['ком', 'на', 'те']","[[12, 16, 14], [15, 1], [20, 6]]","[12, 16, 14, 15, 1, 20, 6]",1.0,-1.0,Empty,1,NOUN
1441,видел,5,2,"['ви', 'дел']","[[3, 10], [5, 6, 13]]","[3, 10, 5, 6, 13]",1.0,-1.0,Empty,1,VERB
1442,сотни,5,2,"['сот', 'ни']","[[19, 16, 20], [15, 10]]","[19, 16, 20, 15, 10]",1.0,-1.0,Empty,1,NOUN
1443,плавающих,9,4,"['пла', 'ва', 'ю', 'щих']","[[17, 13, 1], [3, 1], [32], [27, 10, 23]]","[17, 13, 1, 3, 1, 32, 27, 10, 23]",1.0,-1.0,Empty,1,PRICH
1444,душ,3,1,['душ'],"[[5, 21, 26]]","[5, 21, 26]",1.0,-1.0,Empty,1,NOUN
1445,вокруг,6,2,"['вок', 'руг']","[[3, 16, 12], [18, 21, 4]]","[3, 16, 12, 18, 21, 4]",1.0,-1.0,Empty,1,STATE
1450,очень,5,2,"['о', 'чень']","[[16], [25, 6, 15, 30]]","[16, 25, 6, 15, 30]",1.0,-1.0,Empty,1,STATE
1451,холодно,7,3,"['хо', 'лод', 'но']","[[23, 16], [13, 16, 5], [15, 16]]","[23, 16, 13, 16, 5, 15, 16]",1.0,-1.0,Empty,1,STATE
1452,света,5,2,"['све', 'та']","[[19, 3, 6], [20, 1]]","[19, 3, 6, 20, 1]",1.0,-1.0,Empty,1,NOUN
1457,голубой,7,3,"['го', 'лу', 'бой']","[[4, 16], [13, 21], [2, 16, 11]]","[4, 16, 13, 21, 2, 16, 11]",1.0,-1.0,Empty,1,NOUN
1458,огонек,6,3,"['о', 'го', 'нек']","[[16], [4, 16], [15, 6, 12]]","[16, 4, 16, 15, 6, 12]",1.0,-1.0,Empty,1,NOUN
1459,светил,6,2,"['све', 'тил']","[[19, 3, 6], [20, 10, 13]]","[19, 3, 6, 20, 10, 13]",1.0,-1.0,Empty,1,NOUN
1460,ярче,4,2,"['яр', 'че']","[[33, 18], [25, 6]]","[33, 18, 25, 6]",1.0,-1.0,Empty,1,ADJECTIVE
1461,всех,4,1,['всех'],"[[3, 19, 6, 23]]","[3, 19, 6, 23]",1.0,-1.0,Empty,1,NOMIN
1462,остальных,9,3,"['ос', 'таль', 'ных']","[[16, 19], [20, 1, 13, 30], [15, 29, 23]]","[16, 19, 20, 1, 13, 30, 15, 29, 23]",1.0,-1.0,Empty,1,ADJECTIVE
1464,плакали,7,3,"['пла', 'ка', 'ли']","[[17, 13, 1], [12, 1], [13, 10]]","[17, 13, 1, 12, 1, 13, 10]",1.0,-1.0,Empty,1,VERB
1466,кричали,7,3,"['кри', 'ча', 'ли']","[[12, 18, 10], [25, 1], [13, 10]]","[12, 18, 10, 25, 1, 13, 10]",1.0,-1.0,Empty,1,VERB
1467,их,2,1,['их'],"[[10, 23]]","[10, 23]",1.0,-1.0,Empty,1,NOMIN
1468,боль,4,1,['боль'],"[[2, 16, 13, 30]]","[2, 16, 13, 30]",1.0,-1.0,Empty,1,NOUN
1469,была,4,2,"['бы', 'ла']","[[2, 29], [13, 1]]","[2, 29, 13, 1]",1.0,-1.0,Empty,1,VERB
1471,сильной,7,2,"['силь', 'ной']","[[19, 10, 13, 30], [15, 16, 11]]","[19, 10, 13, 30, 15, 16, 11]",1.0,-1.0,Empty,1,ADJECTIVE
1478,места,5,2,"['мес', 'та']","[[14, 6, 19], [20, 1]]","[14, 6, 19, 20, 1]",1.0,-1.0,Empty,1,NOUN
1481,позади,6,3,"['по', 'за', 'ди']","[[17, 16], [9, 1], [5, 10]]","[17, 16, 9, 1, 5, 10]",1.0,-1.0,Empty,1,STATE
1483,знакомый,8,3,"['зна', 'ко', 'мый']","[[9, 15, 1], [12, 16], [14, 29, 11]]","[9, 15, 1, 12, 16, 14, 29, 11]",1.0,-1.0,Empty,1,NOUN
1493,спросила,8,3,"['спро', 'си', 'ла']","[[19, 17, 18, 16], [19, 10], [13, 1]]","[19, 17, 18, 16, 19, 10, 13, 1]",1.0,-1.0,Empty,1,VERB
1494,анри,4,2,"['ан', 'ри']","[[1, 15], [18, 10]]","[1, 15, 18, 10]",1.0,-1.0,Empty,1,NAME
1496,смущенная,9,4,"['сму', 'щен', 'на', 'я']","[[19, 14, 21], [27, 6, 15], [15, 1], [33]]","[19, 14, 21, 27, 6, 15, 15, 1, 33]",1.0,-1.0,Empty,1,ADJECTIVE
1498,удивленная,10,5,"['у', 'див', 'лен', 'на', 'я']","[[21], [5, 10, 3], [13, 6, 15], [15, 1], [33]]","[21, 5, 10, 3, 13, 6, 15, 15, 1, 33]",1.0,-1.0,Empty,1,ADJECTIVE
1500,интересно,9,4,"['ин', 'те', 'рес', 'но']","[[10, 15], [20, 6], [18, 6, 19], [15, 16]]","[10, 15, 20, 6, 18, 6, 19, 15, 16]",1.0,-1.0,Empty,1,STATE
1504,быть,4,1,['быть'],"[[2, 29, 20, 30]]","[2, 29, 20, 30]",1.0,-1.0,Empty,1,VERB
1505,свободной,9,3,"['сво', 'бод', 'ной']","[[19, 3, 16], [2, 16, 5], [15, 16, 11]]","[19, 3, 16, 2, 16, 5, 15, 16, 11]",1.0,-1.0,Empty,1,ADJECTIVE
1507,засмеялась,10,4,"['зас', 'ме', 'я', 'лась']","[[9, 1, 19], [14, 6], [33], [13, 1, 19, 30]]","[9, 1, 19, 14, 6, 33, 13, 1, 19, 30]",1.0,-1.0,Empty,1,VERB
1511,совершенно,10,4,"['со', 'вер', 'шен', 'но']","[[19, 16], [3, 6, 18], [26, 6, 15], [15, 16]]","[19, 16, 3, 6, 18, 26, 6, 15, 15, 16]",1.0,-1.0,Empty,1,STATE
1512,счастлива,9,3,"['счаст', 'ли', 'ва']","[[19, 25, 1, 19, 20], [13, 10], [3, 1]]","[19, 25, 1, 19, 20, 13, 10, 3, 1]",1.0,-1.0,Empty,1,ADJECTIVE
1515,настолько,9,3,"['нас', 'толь', 'ко']","[[15, 1, 19], [20, 16, 13, 30], [12, 16]]","[15, 1, 19, 20, 16, 13, 30, 12, 16]",1.0,-1.0,Empty,1,STATE
1516,чист,4,1,['чист'],"[[25, 10, 19, 20]]","[25, 10, 19, 20]",1.0,-1.0,Empty,1,ADJECTIVE
1520,совсем,6,2,"['сов', 'сем']","[[19, 16, 3], [19, 6, 14]]","[19, 16, 3, 19, 6, 14]",1.0,-1.0,Empty,1,STATE
1521,понимаешь,9,4,"['по', 'ни', 'ма', 'ешь']","[[17, 16], [15, 10], [14, 1], [6, 26, 30]]","[17, 16, 15, 10, 14, 1, 6, 26, 30]",1.0,-1.0,Empty,1,VERB
1522,природу,7,3,"['при', 'ро', 'ду']","[[17, 18, 10], [18, 16], [5, 21]]","[17, 18, 10, 18, 16, 5, 21]",1.0,-1.0,Empty,1,NOUN
1523,вещей,5,2,"['ве', 'щей']","[[3, 6], [27, 6, 11]]","[3, 6, 27, 6, 11]",1.0,-1.0,Empty,1,NOUN
1527,смеешься,8,3,"['сме', 'ешь', 'ся']","[[19, 14, 6], [6, 26, 30], [19, 33]]","[19, 14, 6, 6, 26, 30, 19, 33]",1.0,-1.0,Empty,1,VERB
1528,надо,4,2,"['на', 'до']","[[15, 1], [5, 16]]","[15, 1, 5, 16]",1.0,-1.0,Empty,1,PREPOS
1532,подумал,7,3,"['по', 'ду', 'мал']","[[17, 16], [5, 21], [14, 1, 13]]","[17, 16, 5, 21, 14, 1, 13]",1.0,-1.0,Empty,1,VERB
1537,потерял,7,3,"['по', 'те', 'рял']","[[17, 16], [20, 6], [18, 33, 13]]","[17, 16, 20, 6, 18, 33, 13]",1.0,-1.0,Empty,1,VERB
1538,свои,4,2,"['сво', 'и']","[[19, 3, 16], [10]]","[19, 3, 16, 10]",1.0,-1.0,Empty,1,NOMIN
1539,воспоминания,12,6,"['вос', 'по', 'ми', 'на', 'ни', 'я']","[[3, 16, 19], [17, 16], [14, 10], [15, 1], [15, 10], [33]]","[3, 16, 19, 17, 16, 14, 10, 15, 1, 15, 10, 33]",1.0,-1.0,Empty,1,NOUN
1543,же,2,1,['же'],"[[8, 6]]","[8, 6]",1.0,-1.0,Empty,1,UNION
1548,спросить,8,2,"['спро', 'сить']","[[19, 17, 18, 16], [19, 10, 20, 30]]","[19, 17, 18, 16, 19, 10, 20, 30]",1.0,-1.0,Empty,1,VERB
1549,такую,5,3,"['та', 'ку', 'ю']","[[20, 1], [12, 21], [32]]","[20, 1, 12, 21, 32]",1.0,-1.0,Empty,1,NOMIN
1550,глупость,8,2,"['глу', 'пость']","[[4, 13, 21], [17, 16, 19, 20, 30]]","[4, 13, 21, 17, 16, 19, 20, 30]",1.0,-1.0,Empty,1,NOUN
1553,ситуации,8,5,"['си', 'ту', 'а', 'ци', 'и']","[[19, 10], [20, 21], [1], [24, 10], [10]]","[19, 10, 20, 21, 1, 24, 10, 10]",1.0,-1.0,Empty,1,NOUN
1555,продолжала,10,4,"['про', 'дол', 'жа', 'ла']","[[17, 18, 16], [5, 16, 13], [8, 1], [13, 1]]","[17, 18, 16, 5, 16, 13, 8, 1, 13, 1]",1.0,-1.0,Empty,1,VERB
1556,хихикать,8,3,"['хи', 'хи', 'кать']","[[23, 10], [23, 10], [12, 1, 20, 30]]","[23, 10, 23, 10, 12, 1, 20, 30]",1.0,-1.0,Empty,1,VERB
1559,смейся,6,2,"['смей', 'ся']","[[19, 14, 6, 11], [19, 33]]","[19, 14, 6, 11, 19, 33]",1.0,-1.0,Empty,1,VERB
1562,честно,6,2,"['чест', 'но']","[[25, 6, 19, 20], [15, 16]]","[25, 6, 19, 20, 15, 16]",1.0,-1.0,Empty,1,STATE
1563,говоря,6,3,"['го', 'во', 'ря']","[[4, 16], [3, 16], [18, 33]]","[4, 16, 3, 16, 18, 33]",1.0,-1.0,Empty,1,DEPRICH
1566,бы,2,1,['бы'],"[[2, 29]]","[2, 29]",1.0,-1.0,Empty,1,PTICK
1568,против,6,2,"['про', 'тив']","[[17, 18, 16], [20, 10, 3]]","[17, 18, 16, 20, 10, 3]",1.0,-1.0,Empty,1,PREPOS
1569,вновь,5,1,['вновь'],"[[3, 15, 16, 3, 30]]","[3, 15, 16, 3, 30]",1.0,-1.0,Empty,1,STATE
1570,обрести,7,3,"['об', 'рес', 'ти']","[[16, 2], [18, 6, 19], [20, 10]]","[16, 2, 18, 6, 19, 20, 10]",1.0,-1.0,Empty,1,VERB
1571,физическое,10,5,"['фи', 'зи', 'чес', 'ко', 'е']","[[22, 10], [9, 10], [25, 6, 19], [12, 16], [6]]","[22, 10, 9, 10, 25, 6, 19, 12, 16, 6]",1.0,-1.0,Empty,1,ADJECTIVE
1575,уверен,6,3,"['у', 'ве', 'рен']","[[21], [3, 6], [18, 6, 15]]","[21, 3, 6, 18, 6, 15]",1.0,-1.0,Empty,1,PRICH
1578,освободишь,10,4,"['ос', 'во', 'бо', 'дишь']","[[16, 19], [3, 16], [2, 16], [5, 10, 26, 30]]","[16, 19, 3, 16, 2, 16, 5, 10, 26, 30]",1.0,-1.0,Empty,1,VERB
1581,придется,8,3,"['при', 'дет', 'ся']","[[17, 18, 10], [5, 6, 20], [19, 33]]","[17, 18, 10, 5, 6, 20, 19, 33]",1.0,-1.0,Empty,1,VERB
1582,осваивать,9,4,"['ос', 'ва', 'и', 'вать']","[[16, 19], [3, 1], [10], [3, 1, 20, 30]]","[16, 19, 3, 1, 10, 3, 1, 20, 30]",1.0,-1.0,Empty,1,VERB
1584,новые,5,3,"['но', 'вы', 'е']","[[15, 16], [3, 29], [6]]","[15, 16, 3, 29, 6]",1.0,-1.0,Empty,1,ADJECTIVE
1587,нуля,4,2,"['ну', 'ля']","[[15, 21], [13, 33]]","[15, 21, 13, 33]",1.0,-1.0,Empty,1,NOUN
1591,сложнее,7,3,"['слож', 'не', 'е']","[[19, 13, 16, 8], [15, 6], [6]]","[19, 13, 16, 8, 15, 6, 6]",1.0,-1.0,Empty,1,ADJECTIVE
1592,узнать,6,2,"['уз', 'нать']","[[21, 9], [15, 1, 20, 30]]","[21, 9, 15, 1, 20, 30]",1.0,-1.0,Empty,1,VERB
1601,лучшим,6,2,"['луч', 'шим']","[[13, 21, 25], [26, 10, 14]]","[13, 21, 25, 26, 10, 14]",1.0,-1.0,Empty,1,ADJECTIVE
1602,решением,8,4,"['ре', 'ше', 'ни', 'ем']","[[18, 6], [26, 6], [15, 10], [6, 14]]","[18, 6, 26, 6, 15, 10, 6, 14]",1.0,-1.0,Empty,1,NOUN
1604,освободить,10,4,"['ос', 'во', 'бо', 'дить']","[[16, 19], [3, 16], [2, 16], [5, 10, 20, 30]]","[16, 19, 3, 16, 2, 16, 5, 10, 20, 30]",1.0,-1.0,Empty,1,VERB
1606,ответил,7,3,"['от', 'ве', 'тил']","[[16, 20], [3, 6], [20, 10, 13]]","[16, 20, 3, 6, 20, 10, 13]",1.0,-1.0,Empty,1,VERB
1608,хм,2,1,['хм'],"[[23, 14]]","[23, 14]",1.0,-1.0,Empty,1,INTER
1610,нам,3,1,['нам'],"[[15, 1, 14]]","[15, 1, 14]",1.0,-1.0,Empty,1,NOMIN
1611,нужно,5,2,"['нуж', 'но']","[[15, 21, 8], [15, 16]]","[15, 21, 8, 15, 16]",1.0,-1.0,Empty,1,ADJECTIVE
1612,подписать,9,3,"['под', 'пи', 'сать']","[[17, 16, 5], [17, 10], [19, 1, 20, 30]]","[17, 16, 5, 17, 10, 19, 1, 20, 30]",1.0,-1.0,Empty,1,VERB
1614,дай,3,1,['дай'],"[[5, 1, 11]]","[5, 1, 11]",1.0,-1.0,Empty,1,VERB
1616,свою,4,2,"['сво', 'ю']","[[19, 3, 16], [32]]","[19, 3, 16, 32]",1.0,-1.0,Empty,1,NOMIN
1617,руку,4,2,"['ру', 'ку']","[[18, 21], [12, 21]]","[18, 21, 12, 21]",1.0,-1.0,Empty,1,NOUN
1619,посмотрел,9,3,"['пос', 'мот', 'рел']","[[17, 16, 19], [14, 16, 20], [18, 6, 13]]","[17, 16, 19, 14, 16, 20, 18, 6, 13]",1.0,-1.0,Empty,1,VERB
1623,протянул,8,3,"['про', 'тя', 'нул']","[[17, 18, 16], [20, 33], [15, 21, 13]]","[17, 18, 16, 20, 33, 15, 21, 13]",1.0,-1.0,Empty,1,VERB
1627,наложу,6,3,"['на', 'ло', 'жу']","[[15, 1], [13, 16], [8, 21]]","[15, 1, 13, 16, 8, 21]",1.0,-1.0,Empty,1,VERB
1630,метку,5,2,"['мет', 'ку']","[[14, 6, 20], [12, 21]]","[14, 6, 20, 12, 21]",1.0,-1.0,Empty,1,NOUN
1632,свяжет,6,2,"['свя', 'жет']","[[19, 3, 33], [8, 6, 20]]","[19, 3, 33, 8, 6, 20]",1.0,-1.0,Empty,1,VERB
1633,нас,3,1,['нас'],"[[15, 1, 19]]","[15, 1, 19]",1.0,-1.0,Empty,1,NOMIN
1636,сделка,6,2,"['сдел', 'ка']","[[19, 5, 6, 13], [12, 1]]","[19, 5, 6, 13, 12, 1]",1.0,-1.0,Empty,1,NOUN
1638,дьяволом,8,3,"['дья', 'во', 'лом']","[[5, 30, 33], [3, 16], [13, 16, 14]]","[5, 30, 33, 3, 16, 13, 16, 14]",1.0,-1.0,Empty,1,NOUN
1641,хуже,4,2,"['ху', 'же']","[[23, 21], [8, 6]]","[23, 21, 8, 6]",1.0,-1.0,Empty,1,STATE
1643,заключение,10,5,"['зак', 'лю', 'че', 'ни', 'е']","[[9, 1, 12], [13, 32], [25, 6], [15, 10], [6]]","[9, 1, 12, 13, 32, 25, 6, 15, 10, 6]",1.0,-1.0,Empty,1,NOUN
1644,уз,2,1,['уз'],"[[21, 9]]","[21, 9]",1.0,-1.0,Empty,1,NOUN
1646,усмешкой,8,3,"['ус', 'меш', 'кой']","[[21, 19], [14, 6, 26], [12, 16, 11]]","[21, 19, 14, 6, 26, 12, 16, 11]",1.0,-1.0,Empty,1,NOUN
1647,ответила,8,4,"['от', 'ве', 'ти', 'ла']","[[16, 20], [3, 6], [20, 10], [13, 1]]","[16, 20, 3, 6, 20, 10, 13, 1]",1.0,-1.0,Empty,1,VERB
1652,появился,8,4,"['по', 'я', 'вил', 'ся']","[[17, 16], [33], [3, 10, 13], [19, 33]]","[17, 16, 33, 3, 10, 13, 19, 33]",1.0,-1.0,Empty,1,VERB
1653,черный,6,2,"['чер', 'ный']","[[25, 6, 18], [15, 29, 11]]","[25, 6, 18, 15, 29, 11]",1.0,-1.0,Empty,1,ADJECTIVE
1654,рунический,10,4,"['ру', 'ни', 'чес', 'кий']","[[18, 21], [15, 10], [25, 6, 19], [12, 10, 11]]","[18, 21, 15, 10, 25, 6, 19, 12, 10, 11]",1.0,-1.0,Empty,1,ADJECTIVE
1655,знак,4,1,['знак'],"[[9, 15, 1, 12]]","[9, 15, 1, 12]",1.0,-1.0,Empty,1,NOUN
1658,приму,5,2,"['при', 'му']","[[17, 18, 10], [14, 21]]","[17, 18, 10, 14, 21]",1.0,-1.0,Empty,1,NOUN
1662,буду,4,2,"['бу', 'ду']","[[2, 21], [5, 21]]","[2, 21, 5, 21]",1.0,-1.0,Empty,1,VERB
1663,идти,4,2,"['ид', 'ти']","[[10, 5], [20, 10]]","[10, 5, 20, 10]",1.0,-1.0,Empty,1,VERB
1664,бок,3,1,['бок'],"[[2, 16, 12]]","[2, 16, 12]",1.0,-1.0,Empty,1,NOUN
1669,мои,3,2,"['мо', 'и']","[[14, 16], [10]]","[14, 16, 10]",1.0,-1.0,Empty,1,NOMIN
1671,будут,5,2,"['бу', 'дут']","[[2, 21], [5, 21, 20]]","[2, 21, 5, 21, 20]",1.0,-1.0,Empty,1,VERB
1672,заменены,8,4,"['за', 'ме', 'не', 'ны']","[[9, 1], [14, 6], [15, 6], [15, 29]]","[9, 1, 14, 6, 15, 6, 15, 29]",1.0,-1.0,Empty,1,PRICH
1676,мы,2,1,['мы'],"[[14, 29]]","[14, 29]",1.0,-1.0,Empty,1,NOMIN
1677,были,4,2,"['бы', 'ли']","[[2, 29], [13, 10]]","[2, 29, 13, 10]",1.0,-1.0,Empty,1,VERB
1678,знакомы,7,3,"['зна', 'ко', 'мы']","[[9, 15, 1], [12, 16], [14, 29]]","[9, 15, 1, 12, 16, 14, 29]",1.0,-1.0,Empty,1,ADJECTIVE
1680,реальной,8,3,"['ре', 'аль', 'ной']","[[18, 6], [1, 13, 30], [15, 16, 11]]","[18, 6, 1, 13, 30, 15, 16, 11]",1.0,-1.0,Empty,1,ADJECTIVE
1685,вернутся,8,3,"['вер', 'нут', 'ся']","[[3, 6, 18], [15, 21, 20], [19, 33]]","[3, 6, 18, 15, 21, 20, 19, 33]",1.0,-1.0,Empty,1,VERB
1691,впал,4,1,['впал'],"[[3, 17, 1, 13]]","[3, 17, 1, 13]",1.0,-1.0,Empty,1,VERB
1693,кому,4,2,"['ко', 'му']","[[12, 16], [14, 21]]","[12, 16, 14, 21]",1.0,-1.0,Empty,1,NOUN
1694,возможно,8,3,"['воз', 'мож', 'но']","[[3, 16, 9], [14, 16, 8], [15, 16]]","[3, 16, 9, 14, 16, 8, 15, 16]",1.0,-1.0,Empty,1,STATE
1697,вспомнишь,9,2,"['вспом', 'нишь']","[[3, 19, 17, 16, 14], [15, 10, 26, 30]]","[3, 19, 17, 16, 14, 15, 10, 26, 30]",1.0,-1.0,Empty,1,VERB
1698,пару,4,2,"['па', 'ру']","[[17, 1], [18, 21]]","[17, 1, 18, 21]",1.0,-1.0,Empty,1,NOUN
1699,фрагментов,10,3,"['фраг', 'мен', 'тов']","[[22, 18, 1, 4], [14, 6, 15], [20, 16, 3]]","[22, 18, 1, 4, 14, 6, 15, 20, 16, 3]",1.0,-1.0,Empty,1,NOUN
1702,прошлого,8,3,"['прош', 'ло', 'го']","[[17, 18, 16, 26], [13, 16], [4, 16]]","[17, 18, 16, 26, 13, 16, 4, 16]",1.0,-1.0,Empty,1,ADJECTIVE
1706,много,5,2,"['мно', 'го']","[[14, 15, 16], [4, 16]]","[14, 15, 16, 4, 16]",1.0,-1.0,Empty,1,STATE
1709,вышли,5,2,"['выш', 'ли']","[[3, 29, 26], [13, 10]]","[3, 29, 26, 13, 10]",1.0,-1.0,Empty,1,VERB
1712,подсознания,11,5,"['под', 'соз', 'на', 'ни', 'я']","[[17, 16, 5], [19, 16, 9], [15, 1], [15, 10], [33]]","[17, 16, 5, 19, 16, 9, 15, 1, 15, 10, 33]",1.0,-1.0,Empty,1,NOUN
1716,ни,2,1,['ни'],"[[15, 10]]","[15, 10]",1.0,-1.0,Empty,1,PTICK
1719,выполнен,8,3,"['вы', 'пол', 'нен']","[[3, 29], [17, 16, 13], [15, 6, 15]]","[3, 29, 17, 16, 13, 15, 6, 15]",1.0,-1.0,Empty,1,PRICH
2197,понимаете,9,5,"['по', 'ни', 'ма', 'е', 'те']","[[17, 16], [15, 10], [14, 1], [6], [20, 6]]","[17, 16, 15, 10, 14, 1, 6, 20, 6]",1.0,-1.0,Empty,1,VERB
2199,ситуация,8,5,"['си', 'ту', 'а', 'ци', 'я']","[[19, 10], [20, 21], [1], [24, 10], [33]]","[19, 10, 20, 21, 1, 24, 10, 33]",1.0,-1.0,Empty,1,NOUN
2202,самая,5,3,"['са', 'ма', 'я']","[[19, 1], [14, 1], [33]]","[19, 1, 14, 1, 33]",1.0,-1.0,Empty,1,ADJECTIVE
2203,лучшая,6,3,"['луч', 'ша', 'я']","[[13, 21, 25], [26, 1], [33]]","[13, 21, 25, 26, 1, 33]",1.0,-1.0,Empty,1,ADJECTIVE
2205,жаль,4,1,['жаль'],"[[8, 1, 13, 30]]","[8, 1, 13, 30]",1.0,-1.0,Empty,1,VERB
2209,ирэн,4,2,"['и', 'рэн']","[[10], [18, 31, 15]]","[1, 11, 18, 10, 15]",1.0,-1.0,Empty,1,NAME
2212,время,5,2,"['вре', 'мя']","[[3, 18, 6], [14, 33]]","[3, 18, 6, 14, 33]",1.0,-1.0,Empty,1,NOUN
2214,мерзость,8,2,"['мер', 'зость']","[[14, 6, 18], [9, 16, 19, 20, 30]]","[14, 6, 18, 9, 16, 19, 20, 30]",1.0,-1.0,Empty,1,NOUN
2215,схватила,8,3,"['схва', 'ти', 'ла']","[[19, 23, 3, 1], [20, 10], [13, 1]]","[19, 23, 3, 1, 20, 10, 13, 1]",1.0,-1.0,Empty,1,VERB
2218,потянула,8,4,"['по', 'тя', 'ну', 'ла']","[[17, 16], [20, 33], [15, 21], [13, 1]]","[17, 16, 20, 33, 15, 21, 13, 1]",1.0,-1.0,Empty,1,VERB
2220,своему,6,3,"['сво', 'е', 'му']","[[19, 3, 16], [6], [14, 21]]","[19, 3, 16, 6, 14, 21]",1.0,-1.0,Empty,1,NOMIN
2221,рту,3,1,['рту'],"[[18, 20, 21]]","[18, 20, 21]",1.0,-1.0,Empty,1,NOUN
2223,проглотить,10,3,"['прог', 'ло', 'тить']","[[17, 18, 16, 4], [13, 16], [20, 10, 20, 30]]","[17, 18, 16, 4, 13, 16, 20, 10, 20, 30]",1.0,-1.0,Empty,1,VERB
2226,можешь,6,2,"['мо', 'жешь']","[[14, 16], [8, 6, 26, 30]]","[14, 16, 8, 6, 26, 30]",1.0,-1.0,Empty,1,VERB
2227,помочь,6,2,"['по', 'мочь']","[[17, 16], [14, 16, 25, 30]]","[17, 16, 14, 16, 25, 30]",1.0,-1.0,Empty,1,NOUN
2231,посмотреть,10,3,"['пос', 'мот', 'реть']","[[17, 16, 19], [14, 16, 20], [18, 6, 20, 30]]","[17, 16, 19, 14, 16, 20, 18, 6, 20, 30]",1.0,-1.0,Empty,1,VERB
2239,относилась,10,4,"['от', 'но', 'си', 'лась']","[[16, 20], [15, 16], [19, 10], [13, 1, 19, 30]]","[16, 20, 15, 16, 19, 10, 13, 1, 19, 30]",1.0,-1.0,Empty,1,VERB
2240,ко,2,1,['ко'],"[[12, 16]]","[12, 16]",1.0,-1.0,Empty,1,PREPOS
2242,более,5,3,"['бо', 'ле', 'е']","[[2, 16], [13, 6], [6]]","[2, 16, 13, 6, 6]",1.0,-1.0,Empty,1,STATE
2243,уважительно,11,5,"['у', 'ва', 'жи', 'тель', 'но']","[[21], [3, 1], [8, 10], [20, 6, 13, 30], [15, 16]]","[21, 3, 1, 8, 10, 20, 6, 13, 30, 15, 16]",1.0,-1.0,Empty,1,STATE
2248,предлагаешь,11,4,"['пред', 'ла', 'га', 'ешь']","[[17, 18, 6, 5], [13, 1], [4, 1], [6, 26, 30]]","[17, 18, 6, 5, 13, 1, 4, 1, 6, 26, 30]",1.0,-1.0,Empty,1,VERB
2249,скажи,5,2,"['ска', 'жи']","[[19, 12, 1], [8, 10]]","[19, 12, 1, 8, 10]",1.0,-1.0,Empty,1,VERB
2255,серьезным,9,3,"['серь', 'ез', 'ным']","[[19, 6, 18, 30], [6, 9], [15, 29, 14]]","[19, 6, 18, 30, 6, 9, 15, 29, 14]",1.0,-1.0,Empty,1,ADJECTIVE
2256,тоном,5,2,"['то', 'ном']","[[20, 16], [15, 16, 14]]","[20, 16, 15, 16, 14]",1.0,-1.0,Empty,1,NOUN
